Ticker,Date,Close,High,Low,Open,Volume
AAPL,2015-01-02,24.192596435546875,24.659498405638068,23.754460321460428,24.64843370581677,212818400
AAPL,2015-01-05,23.511062622070312,24.042136374239757,23.325187737341313,23.962475227002493,257142000
AAPL,2015-01-06,23.51327133178711,23.7721691658831,23.15258296070491,23.57522961465761,263188400
AAPL,2015-01-07,23.842979431152344,23.94255500406204,23.610634176714214,23.72127445249682,160423600
AAPL,2015-01-08,24.759069442749023,24.81660283251852,24.053184266235,24.170464322982472,237458000
AAPL,2015-01-09,24.785633087158203,25.06002047662429,24.387327450645735,24.931677361721775,214798000
AAPL,2015-01-12,24.174901962280273,24.9228296715174,24.075326382352763,24.916191524620462,198603200
AAPL,2015-01-13,24.389543533325195,24.960447781897706,24.09966654067397,24.65729280767819,268367600
AAPL,2015-01-14,24.29660987854004,24.449292340286082,24.008944431257838,24.12843615451797,195826400
AAPL,2015-01-15,23.637191772460938,24.35414038758057,23.601787757118135,24.34086409285663,240056000
AAPL,2015-01-16,23.453523635864258,23.805360567456344,23.27871180910595,23.68365559685356,314053200
AAPL,2015-01-20,24.057619094848633,24.112939226436037,23.566376056234642,23.862891151189643,199599600
AAPL,2015-01-21,24.241287231445312,24.57541967816757,23.958046682410192,24.108517538238907,194303600
AAPL,2015-01-22,24.871938705444336,24.887428279247118,24.278906655479844,24.39839837691712,215185600
AAPL,2015-01-23,25.000272750854492,25.1706580006503,24.679414998563754,24.849801936595878,185859200
AAPL,2015-01-26,25.02682876586914,25.305642719304203,24.960445616732773,25.168448176577243,222460000
AAPL,2015-01-27,24.150556564331055,24.88963440186182,24.126215571319666,24.8763564222506,382274800
AAPL,2015-01-28,25.515857696533203,26.13765714169229,25.515857696533203,26.029228465091716,585908400
AAPL,2015-01-29,26.310258865356445,26.374430430207553,25.571180918654623,25.73935461660109,337745600
AAPL,2015-01-30,25.925230026245117,26.55366597735562,25.856631907802715,26.19961743530487,334982000
AAPL,2015-02-02,26.250516891479492,26.37000861770944,25.686252376114563,26.122175426924652,250956400
AAPL,2015-02-03,26.25493621826172,26.352298507154856,26.02480425574212,26.2217437998551,207662800
AAPL,2015-02-04,26.456302642822266,26.666520183230848,26.179701948787283,26.221745794516334,280598800
AAPL,2015-02-05,26.64513397216797,26.70955879365363,26.491847269498656,26.66290499248517,168984800
AAPL,2015-02-06,26.420759201049805,26.71400223470758,26.31412460021994,26.662906100062138,174826400
AAPL,2015-02-09,26.59625816345215,26.622915539684453,26.309679504659737,26.336338575791345,155559200
AAPL,2015-02-10,27.107210159301758,27.136091242542914,26.694005586143845,26.696225904162972,248034000
AAPL,2015-02-11,27.742576599121094,27.75146295792522,27.213850962022807,27.27383176532612,294247200
AAPL,2015-02-12,28.093576431274414,28.320174313577628,27.895859634991865,28.004714549879026,297898000
AAPL,2015-02-13,28.231319427490234,28.27574953174735,27.913639266842324,28.27574953174735,217088800
AAPL,2015-02-17,28.397933959960938,28.63119623716081,28.19577309373441,28.322400751240114,252609600
AAPL,2015-02-18,28.59564781188965,28.6089765023717,28.313511434089126,28.353499200434882,179566800
AAPL,2015-02-19,28.53566551208496,28.664515170633745,28.50900813093667,28.54232985737203,149449600
AAPL,2015-02-20,28.7689208984375,28.7689208984375,28.44679852386642,28.573424443890232,195793600
AAPL,2015-02-23,29.546464920043945,29.546464920043945,28.804471802520936,28.884447331881436,283896400
AAPL,2015-02-24,29.362071990966797,29.679753737991085,29.13991815577165,29.533131393210645,276912400
AAPL,2015-02-25,28.61119270324707,29.235447865976322,28.469014375568225,29.226559813734614,298846800
AAPL,2015-02-26,28.97330093383789,29.073269475348223,28.126895418026365,28.611189120800027,365150000
AAPL,2015-02-27,28.537891387939453,29.00663625092877,28.489017258922594,28.880006901257964,248059200
AAPL,2015-03-02,28.677839279174805,28.94220289932046,28.502339231657224,28.713384708226034,192386800
AAPL,2015-03-03,28.737823486328125,28.773368917506,28.45568713477693,28.648963298182327,151265200
AAPL,2015-03-04,28.555662155151367,28.7822600929338,28.506791413472467,28.68007119242384,126665200
AAPL,2015-03-05,28.08246612548828,28.60230526787316,27.93806579874831,28.564539524004008,226068400
AAPL,2015-03-06,28.124679565429688,28.740045038751425,28.049148063282413,28.524555513955516,291368400
AAPL,2015-03-09,28.244638442993164,28.78447402467503,27.782558059471576,28.426804519875816,354114000
AAPL,2015-03-10,27.660377502441406,28.26241425789635,27.502648465689692,28.08247017418936,275426400
AAPL,2015-03-11,27.156089782714844,27.718138827229005,27.127210388514765,27.713696495390376,275756000
AAPL,2015-03-12,27.647045135498047,27.747015381976055,27.020571364853275,27.171636046173965,193450800
AAPL,2015-03-13,27.456003189086914,27.858102951901085,27.23162894179886,27.635949023568383,207309200
AAPL,2015-03-16,27.758127212524414,27.758127212524414,27.296048420518424,27.520422623715213,143497200
AAPL,2015-03-17,28.22242546081543,28.284628267969687,27.913631743228663,27.96917020603059,204092400
AAPL,2015-03-18,28.54011344909668,28.6934001912993,28.073590571188532,28.213546926091023,261083600
AAPL,2015-03-19,28.324615478515625,28.713384710573685,28.302400432806465,28.602307787128524,183238000
AAPL,2015-03-20,27.96917152404785,28.52455448333958,27.80477814097911,28.491232760007673,274780400
AAPL,2015-03-23,28.260190963745117,28.402369291693496,28.106904265372904,28.240197930861452,150838800
AAPL,2015-03-24,28.144672393798828,28.444578063759085,28.115791307952733,28.264635678722573,131369200
AAPL,2015-03-25,27.40934944152832,28.173559452025806,27.40934944152832,28.111356626966685,206620800
AAPL,2015-03-26,27.60039520263672,27.74257353801557,27.23606300636597,27.27160843766041,190291600
AAPL,2015-03-27,27.380462646484375,27.70258505848325,27.304931149287167,27.67370566747833,158184800
AAPL,2015-03-30,28.073583602905273,28.080247947451227,27.547078350082643,27.558186720925512,188398800
AAPL,2015-03-31,27.642608642578125,28.10024511430692,27.627057938050438,28.011383219191703,168362400
AAPL,2015-04-01,27.60262680053711,27.79590133678939,27.347149432819737,27.72925447741963,162485600
AAPL,2015-04-02,27.840322494506836,27.893638947918962,27.58928923541274,27.77589766980492,128880400
AAPL,2015-04-06,28.291284561157227,28.326829980786606,27.62038086719218,27.65148226191844,148776000
AAPL,2015-04-07,27.993610382080078,28.462353501011048,27.986946036985735,28.35572058970243,140049200
AAPL,2015-04-08,27.902524948120117,28.080248717080543,27.762568624120924,27.958063414057815,149316800
AAPL,2015-04-09,28.115787506103516,28.120231531740174,27.693696595176334,27.95805849398561,129936000
AAPL,2015-04-10,28.23575210571289,28.260189163168846,27.826989862630114,27.98027485633653,160752000
AAPL,2015-04-13,28.180219650268555,28.56232629417243,28.126903193051565,28.51789280584231,145460400
AAPL,2015-04-14,28.05803871154785,28.277970601609738,27.971398824708327,28.21354576615731,102098400
AAPL,2015-04-15,28.16466522216797,28.242418731765728,27.993607501052892,28.08246938126436,115881600
AAPL,2015-04-16,28.029157638549805,28.235760836901022,28.015828946688366,28.053594703562297,113476000
AAPL,2015-04-17,27.713695526123047,28.022489272545602,27.649270699868765,27.891419301645175,207828000
AAPL,2015-04-20,28.346837997436523,28.462357282518674,27.807003939378056,27.895865840541138,188217200
AAPL,2015-04-21,28.193552017211914,28.480129054206348,28.14023386134807,28.457915698279347,129740400
AAPL,2015-04-22,28.57342529296875,28.628963751952003,28.062472487262376,28.21131515056167,150618000
AAPL,2015-04-23,28.80669403076172,28.9733094454926,28.466798855894666,28.502344291255753,183083600
AAPL,2015-04-24,28.942203521728516,29.019958725725385,28.70894129953666,28.98885732208639,178103600
AAPL,2015-04-27,29.468708038330078,29.575344331297668,29.135477249853828,29.39317653982719,387816800
AAPL,2015-04-28,29.004409790039062,29.888581275967137,28.784479620133364,29.870811948737703,475696000
AAPL,2015-04-29,28.577871322631836,29.233224506626065,28.502339826670195,28.91554612607042,253544400
AAPL,2015-04-30,27.80255699157715,28.577873518344195,27.675929354283394,28.577873518344195,332781600
AAPL,2015-05-01,28.64674949645996,28.908892904800165,27.835888982378957,28.013611115028205,234050400
AAPL,2015-05-04,28.591203689575195,29.00663375040625,28.49345543996789,28.768927471606737,203953200
AAPL,2015-05-05,27.94695472717285,28.535661067838543,27.942510701073854,28.469014235548403,197085600
AAPL,2015-05-06,27.77145767211914,28.15800495791627,27.404903422444445,28.11579517734717,288564000
AAPL,2015-05-07,27.94322967529297,28.126156702399538,27.66660698885533,27.833918356403263,175763600
AAPL,2015-05-08,28.469694137573242,28.469694137573242,28.132840211539968,28.259996743595362,222201600
AAPL,2015-05-11,28.1796932220459,28.456314180575312,28.02576623369674,28.418390682627546,168143200
AAPL,2015-05-12,28.079313278198242,28.30462472292589,27.845076653188137,28.01908022514789,192640000
AAPL,2015-05-13,28.110544204711914,28.37378085400866,28.079312882081744,28.141775527342084,138776800
AAPL,2015-05-14,28.766407012939453,28.766407012939453,28.367091955646405,28.422862424226732,180814000
AAPL,2015-05-15,28.72624969482422,28.88686889308668,28.601324408166477,28.79317492809337,152832000
AAPL,2015-05-18,29.043012619018555,29.161245670301515,28.634772621511306,28.63923520947215,203531600
AAPL,2015-05-19,29.016246795654297,29.196942480597627,28.920319866685343,29.154556400631645,178532800
AAPL,2015-05-20,29.01401710510254,29.219251943727052,28.853397943751535,29.000632742316288,145819600
AAPL,2015-05-21,29.310718536376953,29.36425939557472,28.962711461487057,29.016252320684828,158921600
AAPL,2015-05-22,29.567258834838867,29.663185774227095,29.312945731377887,29.357564812372207,182384000
AAPL,2015-05-26,28.915864944458008,29.649806051808497,28.804324032431605,29.580651230985488,282790400
AAPL,2015-05-27,29.455730438232422,29.504808724983548,29.011799668019176,29.076491916576888,183332800
AAPL,2015-05-28,29.397720336914062,29.43564383573585,29.246026341626916,29.415567289999302,122933200
AAPL,2015-05-29,29.063100814819336,29.324106149911614,28.978328629351232,29.275027874530984,203538000
AAPL,2015-06-01,29.1210994720459,29.310720381846835,29.011791558077427,29.063099423898514,128451200
AAPL,2015-06-02,28.99172019958496,29.147876821742443,28.848947944475402,28.969410651865722,134670400
AAPL,2015-06-03,29.02739906311035,29.210327749922353,28.978320800987998,29.14786512612257,123934000
AAPL,2015-06-04,28.857864379882812,29.13002447267988,28.757478241644847,28.906942652613985,153800400
AAPL,2015-06-05,28.69947624206543,28.93148325289006,28.634784008714654,28.88909716029949,142507200
AAPL,2015-06-08,28.509845733642578,28.82439178943828,28.293456183538332,28.755233593914166,210699200
AAPL,2015-06-09,28.42508316040039,28.57231796852488,28.02353693293006,28.26446398862062,224301600
AAPL,2015-06-10,28.750782012939453,28.85339772951078,28.521006340947945,28.53662199807562,156349200
AAPL,2015-06-11,28.68609619140625,29.04079553965776,28.661557050108144,28.81771367475103,141563600
AAPL,2015-06-12,28.36931610107422,28.628091842543252,28.355931735818686,28.596860522294136,147544800
AAPL,2015-06-15,28.313547134399414,28.38493325615415,28.04361830832747,28.130620091029197,175955600
AAPL,2015-06-16,28.465240478515625,28.521010934665533,28.190850787366475,28.338083906573015,125976400
AAPL,2015-06-17,28.3983154296875,28.527701587513736,28.273388457264044,28.49200938252072,131672400
AAPL,2015-06-18,28.52770233154297,28.62362758155856,28.380469216390665,28.38270051112941,141628800
AAPL,2015-06-19,28.24216079711914,28.51432091610068,28.197545109605183,28.489781777374187,218867600
AAPL,2015-06-22,28.46746826171875,28.56785438961377,28.34923518158224,28.440697833356523,136157200
AAPL,2015-06-23,28.338083267211914,28.467471131035477,28.304620653881102,28.438471107204354,121075600
AAPL,2015-06-24,28.57901382446289,28.956022667693063,28.358163285862766,28.378239833926724,221123600
AAPL,2015-06-25,28.44293212890625,28.822170543166646,28.44293212890625,28.746323541106253,127752400
AAPL,2015-06-26,28.275611877441406,28.552232771522696,28.222072733872473,28.480846679437892,176267200
AAPL,2015-06-29,27.780376434326172,28.213155673337432,27.76922336545233,27.987842577545283,196645600
AAPL,2015-06-30,27.981155395507812,28.135082410490618,27.853998814167916,28.012386717101517,177482800
AAPL,2015-07-01,28.24216079711914,28.31800950826813,28.106080737628375,28.30908603036946,120955200
AAPL,2015-07-02,28.206470489501953,28.262240953644767,28.0570043520948,28.204239194381984,108844000
AAPL,2015-07-06,28.108308792114258,28.1596183586215,27.851764363536425,27.87184261198854,112241600
AAPL,2015-07-07,28.03915786743164,28.141775312716643,27.6108394280941,28.083773555997496,187787200
AAPL,2015-07-08,27.343141555786133,27.80492090486777,27.336449372781665,27.769228694850813,243046400
AAPL,2015-07-09,26.78543472290039,27.675530730197355,26.595815511598627,27.62868375107428,314380000
AAPL,2015-07-10,27.50152015686035,27.628676696865487,27.039740964001833,27.20259140392783,245418000
AAPL,2015-07-13,28.032455444335938,28.05476328047001,27.73352499380722,27.891912842931568,165762000
AAPL,2015-07-14,28.021305084228516,28.190847729085604,27.894148526080468,28.117230326479085,127072400
AAPL,2015-07-15,28.29123306274414,28.36485046328007,28.014612114584335,28.04584342960339,134596800
AAPL,2015-07-16,28.668237686157227,28.681625451984694,28.409463712129085,28.496465468239993,144889600
AAPL,2015-07-17,28.915864944458008,28.915864944458008,28.62362829958219,28.795402257211233,184658800
AAPL,2015-07-20,29.462421417236328,29.663193719656736,29.156796969560496,29.217030021870166,235600800
AAPL,2015-07-21,29.167945861816406,29.652032967835815,29.072022320033117,29.636419011620063,307025600
AAPL,2015-07-22,27.934310913085938,27.99677356186341,27.213755753021168,27.213755753021168,461802400
AAPL,2015-07-23,27.920923233032227,28.351469539872234,27.898613687990725,28.15292684325403,203998000
AAPL,2015-07-24,27.77368927001953,28.050310276957866,27.63984050549965,27.95661631199189,168649200
AAPL,2015-07-27,27.38776206970215,27.575151736743496,27.24276020711003,27.459148204294163,177822000
AAPL,2015-07-28,27.52383804321289,27.642072853388193,27.33868140119759,27.52383804321289,134472400
AAPL,2015-07-29,27.43682861328125,27.550600801647835,27.27620945369995,27.47252251628997,148046800
AAPL,2015-07-30,27.298519134521484,27.343134811532963,27.15128433682144,27.287364364279124,134513200
AAPL,2015-07-31,27.05982208251953,27.358750867204524,26.972820319694556,27.34982739127645,171540000
AAPL,2015-08-03,26.42180633544922,27.343133466033592,26.216569806150336,27.10443603161213,279904000
AAPL,2015-08-04,25.574100494384766,26.256730339924655,25.26401689121604,26.194267700722214,496554400
AAPL,2015-08-05,25.74363899230957,26.1987260496658,25.007468402061168,25.19708758379818,397250400
AAPL,2015-08-06,25.799667358398438,26.106673490467628,25.573336055247093,25.987905206506685,211612000
AAPL,2015-08-07,25.887052536010742,26.050640103544993,25.65847992994324,25.676407662488877,154681600
AAPL,2015-08-10,26.828245162963867,26.888749139404773,26.113392450836592,26.113392450836592,219806400
AAPL,2015-08-11,25.432151794433594,26.48314180457779,25.396298032277432,26.400227308211978,388331200
AAPL,2015-08-12,25.824316024780273,25.864652581979026,24.567161986716236,25.217027981725828,404870000
AAPL,2015-08-13,25.80414581298828,26.084260288357925,25.667449812233247,26.00358718267682,194143200
AAPL,2015-08-14,25.985654830932617,26.0640865281702,25.548677010835526,25.618144841291276,171718000
AAPL,2015-08-17,26.254566192626953,26.36437057079755,25.88257340784908,26.003583047125638,163538800
AAPL,2015-08-18,26.10666275024414,26.31730933155057,25.996858381336235,26.090976411828727,138242800
AAPL,2015-08-19,25.77277183532715,26.1111488736232,25.698821207216227,26.017030824945476,193146000
AAPL,2015-08-20,25.243919372558594,25.62487441307107,25.015344980504512,25.564370432635133,274006400
AAPL,2015-08-21,23.69992446899414,25.07584654572496,23.67527425999058,24.74643167057096,513102000
AAPL,2015-08-24,23.108327865600586,24.381168302303,20.616428500878023,21.259572048945763,648825200
AAPL,2015-08-25,23.24725341796875,24.898808508281267,23.193471932777783,24.898808508281267,414406400
AAPL,2015-08-26,24.58060646057129,24.625424093615674,23.540821644856987,23.997966972895647,387098400
AAPL,2015-08-27,25.304420471191406,25.376129707463,24.65455455578336,25.149798445605093,338464400
AAPL,2015-08-28,25.3873348236084,25.391815902863165,24.99517456601919,25.13635164326541,212657600
AAPL,2015-08-31,25.26856803894043,25.665209398967942,25.098257952693018,25.104980426809615,224917200
AAPL,2015-09-01,24.139142990112305,25.071362985786642,24.058469892160893,24.683685546442884,307383600
AAPL,2015-09-02,25.17445182800293,25.17445182800293,24.455117931311904,24.70162008162507,247555200
AAPL,2015-09-03,24.732990264892578,25.273050126560126,24.65903962729395,25.208063358035563,212935600
AAPL,2015-09-04,24.486486434936523,24.75091457032204,24.316178063434936,24.41925998608582,199985200
AAPL,2015-09-08,25.1677303314209,25.223753238727728,24.721788467969912,25.042239566152308,219374400
AAPL,2015-09-09,24.683687210083008,25.55092050698643,24.59853131779331,25.492657928736982,340043200
AAPL,2015-09-10,25.225988388061523,25.385093200258346,24.627664296486913,24.71057708457534,251571200
AAPL,2015-09-11,25.5935001373291,25.5935001373291,25.04447642895034,25.051198903061266,199662000
AAPL,2015-09-14,25.839996337890625,26.19406140070157,25.73915582327062,26.124593566615918,233453600
AAPL,2015-09-15,26.057369232177734,26.113392128431876,25.64055874727226,25.978937519358556,173364800
AAPL,2015-09-16,26.086502075195312,26.115633365585964,25.869132965490092,26.050646601160878,148694000
AAPL,2015-09-17,25.52851104736328,26.104426309438182,25.48369341758183,25.918431607130465,256450400
AAPL,2015-09-18,25.423194885253906,25.61367413959176,25.069131407185214,25.145321741173582,297141200
AAPL,2015-09-21,25.81759262084961,25.853448096928165,25.470251672175387,25.472491357167897,200888000
AAPL,2015-09-22,25.411983489990234,25.586774634919642,25.214781821099262,25.407500701324746,201384800
AAPL,2015-09-23,25.618152618408203,25.70778960375562,25.38957992997141,25.463528861425985,143026800
AAPL,2015-09-24,25.770540237426758,25.882586064546008,25.181179802265632,25.378379842509396,200878000
AAPL,2015-09-25,25.705549240112305,26.149251395054904,25.550925476927503,26.093228490675873,224607600
AAPL,2015-09-28,25.19685935974121,25.67417383915858,25.19685935974121,25.51282761803632,208436000
AAPL,2015-09-29,24.43942642211914,25.43663494850679,24.17051721819608,25.28425261036825,293461600
AAPL,2015-09-30,24.717302322387695,24.995175406974322,24.365478604986556,24.688169322360896,265892000
AAPL,2015-10-01,24.555959701538086,24.564923571343716,24.04727077558962,24.441672498620512,255716400
AAPL,2015-10-02,24.735227584838867,24.876406372152566,24.101049723055393,24.204131643026145,232079200
AAPL,2015-10-05,24.824867248535156,24.957082181965,24.441670816553575,24.62318446599663,208258800
AAPL,2015-10-06,24.943635940551758,25.039995398838375,24.598534664587667,24.791253581160905,192787200
AAPL,2015-10-07,24.824867248535156,25.046717454485915,24.517862849816233,25.03999498001517,187062400
AAPL,2015-10-08,24.538026809692383,24.69265053942736,24.248948480471036,24.69265053942736,247918400
AAPL,2015-10-09,25.125150680541992,25.161004447325563,24.535788681322458,24.65007587545633,211064400
AAPL,2015-10-12,25.00861930847168,25.266324960425933,24.972765545678314,25.2618438812079,121868800
AAPL,2015-10-13,25.051197052001953,25.1990966005633,24.80245527017863,24.83382795350022,132197200
AAPL,2015-10-14,24.697132110595703,24.99069152478597,24.551472245882195,24.939151420302792,177849600
AAPL,2015-10-15,25.066890716552734,25.12067223086072,24.759884557581096,24.858485425215335,150694000
AAPL,2015-10-16,24.883127212524414,25.09825490656156,24.76884003736367,25.04895448944583,156930400
AAPL,2015-10-19,25.037755966186523,25.042237046059405,24.674726947885187,24.82935070359038,119036800
AAPL,2015-10-20,25.494901657104492,25.584538642829024,24.833832093042265,24.950358977705847,195871200
AAPL,2015-10-21,25.492664337158203,25.900511035845174,25.479217676757816,25.546445849709382,167180800
AAPL,2015-10-22,25.88258171081543,25.88258171081543,25.56885310571736,25.620394929783124,166616400
AAPL,2015-10-23,26.684823989868164,26.718438066579125,26.068572185671435,26.151484970584445,237467600
AAPL,2015-10-26,25.833280563354492,26.471941310810404,25.75260744686708,26.460737756104727,265335200
AAPL,2015-10-27,25.669687271118164,26.115628968824417,25.54419484280834,25.86016474322925,279537600
AAPL,2015-10-28,26.72739601135254,26.7341201933811,26.008062405738933,26.203022652182554,342205600
AAPL,2015-10-29,27.00975799560547,27.04561346922825,26.503310543623737,26.599669991881104,204909200
AAPL,2015-10-30,26.778945922851562,27.164383744411797,26.76774065909424,27.112841924684606,197461200
AAPL,2015-11-02,27.155414581298828,27.195751129404943,26.80359090991662,27.0702604062672,128813200
AAPL,2015-11-03,27.46690559387207,27.673069442414718,27.047853713081217,27.068022844831653,182076000
AAPL,2015-11-04,27.339170455932617,27.747017028773147,27.254016278195074,27.59239330450581,179544400
AAPL,2015-11-05,27.21314239501953,27.61148327358103,27.046605283344793,27.422439708246415,158210800
AAPL,2015-11-06,27.244653701782227,27.4134418290614,27.145632501339545,27.255906930401487,132169200
AAPL,2015-11-09,27.13437843322754,27.413440980934922,27.01735275741527,27.22214811933713,135485600
AAPL,2015-11-10,26.279190063476562,26.571756889393924,26.119404147383882,26.308447776269453,236511600
AAPL,2015-11-11,26.13064956665039,26.4254655769582,25.928103495178785,26.1891632577425,180872000
AAPL,2015-11-12,26.042882919311523,26.290438494586024,26.02712942953046,26.164410576337538,130102400
AAPL,2015-11-13,25.282209396362305,26.00912433211974,25.266455906955873,25.925854906970567,183249600
AAPL,2015-11-16,25.696298599243164,25.709801096849837,24.980637037068714,25.066155716913013,152426800
AAPL,2015-11-17,25.586029052734375,25.892098314595156,25.502759628683492,25.86284060822513,110467600
AAPL,2015-11-18,26.396211624145508,26.44122110260724,25.99337043900729,26.051884134608777,186698800
AAPL,2015-11-19,26.731536865234375,26.94983644140062,26.276934951724414,26.474979060688888,173183200
AAPL,2015-11-20,26.848562240600586,26.988092643508082,26.74728834619848,26.826055786065844,137148400
AAPL,2015-11-23,26.49972915649414,26.94533045320488,26.407457513189943,26.841805584180257,129930000
AAPL,2015-11-24,26.754043579101562,26.85981774995822,26.3579553319384,26.40521580289531,171212800
AAPL,2015-11-25,26.562740325927734,26.832802262006307,26.537984605528838,26.828300285387783,85553200
AAPL,2015-11-27,26.513240814208984,26.64827270150355,26.465980340456596,26.62126598064428,52185600
AAPL,2015-11-30,26.623512268066406,26.873318811641276,26.499733632240492,26.553745347418406,156721200
AAPL,2015-12-01,26.407459259033203,26.738284199871483,26.299435839780674,26.72478170171524,139409600
AAPL,2015-12-02,26.16891098022461,26.580754422891076,26.12390149974809,26.407464317353075,133546400
AAPL,2015-12-03,25.92585563659668,26.283687358901076,25.705306778699796,26.229675638987786,166278000
AAPL,2015-12-04,26.787803649902344,26.83731511393135,25.905604688845578,25.946113912414603,231108000
AAPL,2015-12-07,26.619003295898438,26.97458390447494,26.5132291652585,26.776539856192326,128336800
AAPL,2015-12-08,26.607755661010742,26.69102335444192,26.299435460545904,26.44796808912663,137238000
AAPL,2015-12-09,26.020370483398438,26.486225505715844,25.89884286231549,26.474972280485513,185445600
AAPL,2015-12-10,26.144149780273438,26.317439849550986,25.99561715217966,26.114893795785594,116850800
AAPL,2015-12-11,25.47125244140625,25.968614558600958,25.39698525707814,25.923605080402936,187544800
AAPL,2015-12-14,25.313716888427734,25.35872636544817,24.70832963559441,25.246200955895596,257274800
AAPL,2015-12-15,24.865861892700195,25.385730397420048,24.834354918717334,25.192186576096002,213292400
AAPL,2015-12-16,25.057157516479492,25.203440893124053,24.48552994368631,24.99639455045869,224954000
AAPL,2015-12-17,24.526039123535156,25.261954549588157,24.526039123535156,25.2101921054981,179091200
AAPL,2015-12-18,23.862138748168945,24.647565648243024,23.812627291848816,24.51028622435749,385813200
AAPL,2015-12-21,24.154705047607422,24.163707286494162,23.758615121598442,24.143451819748623,190362400
AAPL,2015-12-22,24.1322078704834,24.24248232664674,23.95666673269015,24.170466109988755,131157600
AAPL,2015-12-23,24.442768096923828,24.49677980942645,24.12544563734299,24.141199125031314,130629600
AAPL,2015-12-24,24.312240600585938,24.53054017780593,24.294236122320022,24.53054017780593,54281600
AAPL,2015-12-28,24.03993034362793,24.235725189970832,23.895897945284286,24.213218732665815,106816800
AAPL,2015-12-29,24.472023010253906,24.627308608515364,24.04892813303589,24.07143286917491,123724800
AAPL,2015-12-30,24.152448654174805,24.463018099766103,24.120941683622114,24.43601310615015,100855200
AAPL,2015-12-31,23.68885040283203,24.08718960898984,23.58982749004638,24.082689347954826,163649200
AAPL,2016-01-04,23.7091064453125,23.713608423784326,22.955186449441953,23.092467603803655,270597600
AAPL,2016-01-05,23.114973068237305,23.821632614269546,23.047458842063293,23.79912787221154,223164000
AAPL,2016-01-06,22.662612915039062,23.03844902348601,22.475822072099724,22.631105943121526,273829600
AAPL,2016-01-07,21.706151962280273,22.534339089007176,21.70165170114115,22.208016070870872,324377600
AAPL,2016-01-08,21.8209228515625,22.304782359296947,21.77591338354117,22.178754475236307,283192000
AAPL,2016-01-11,22.174253463745117,22.293530104496217,21.906442481454086,22.273276358105072,198957600
AAPL,2016-01-12,22.496082305908203,22.660370178573043,22.24402474087501,22.628863197569107,196616800
AAPL,2016-01-13,21.917695999145508,22.77288967617828,21.89744225248481,22.577094873452022,249758400
AAPL,2016-01-14,22.397056579589844,22.613106875133813,21.546364765015802,22.04597785408347,252680400
AAPL,2016-01-15,21.85918426513672,21.989714145273158,21.46084509223923,21.649886945952915,319335600
AAPL,2016-01-19,21.75341796875,22.201268720326865,21.49235813478439,22.14725699216228,212350800
AAPL,2016-01-20,21.782669067382812,22.09774055868971,21.024247186087106,21.40233263225508,289337600
AAPL,2016-01-21,21.672395706176758,22.027974714138363,21.36632643874029,21.84343310144887,208646000
AAPL,2016-01-22,22.82465362548828,22.833655864278438,22.13824965850337,22.196761635137154,263202000
AAPL,2016-01-25,22.379053115844727,22.84940848500449,22.32729067401783,22.847157496142078,207178000
AAPL,2016-01-26,22.502830505371094,22.703125593310077,22.07073335276125,22.48932800591499,300308000
AAPL,2016-01-27,21.024250030517578,21.746663054200553,21.006245550406682,21.61388387663656,533478800
AAPL,2016-01-28,21.17502784729004,21.271799754940478,20.792442193975056,21.107513640999823,222715200
AAPL,2016-01-29,21.90644073486328,21.90644073486328,21.23353942538852,21.332562311853426,257666000
AAPL,2016-02-01,21.70164680480957,21.76466074854957,21.469844775908342,21.71064904205831,163774000
AAPL,2016-02-02,21.26280403137207,21.613882790889953,21.217792833355904,21.474350652542302,149428800
AAPL,2016-02-03,21.68364715576172,21.793921581847044,21.172782526467135,21.37982887826044,183857200
AAPL,2016-02-04,21.85787582397461,22.02305515087919,21.538833187512928,21.690435019918965,185886800
AAPL,2016-02-05,21.274091720581055,21.930280836238957,21.19942327595188,21.839771695058854,185672400
AAPL,2016-02-08,21.498104095458984,21.65423060804116,21.052347960750858,21.072711612963058,216085600
AAPL,2016-02-09,21.49357032775879,21.70852969885396,21.253722632367094,21.33518066595632,177324800
AAPL,2016-02-10,21.330663681030273,21.801309921553056,21.292197849935643,21.70401287881343,169374400
AAPL,2016-02-11,21.201688766479492,21.432487206495896,20.95052667215973,21.222054147101463,200298800
AAPL,2016-02-12,21.267305374145508,21.38270458064832,21.045559774862276,21.312560811165437,161405600
AAPL,2016-02-16,21.866926193237305,21.91444310662527,21.40759430416859,21.50036492754937,196231600
AAPL,2016-02-17,22.201807022094727,22.22217067140794,21.756050950844866,21.873711619396975,179452800
AAPL,2016-02-18,21.78094482421875,22.37603960702868,21.742477269354197,22.364725315659374,156084000
AAPL,2016-02-19,21.731168746948242,21.89408490559,21.676863936173927,21.722117657432722,141496800
AAPL,2016-02-22,21.921222686767578,21.925749091843294,21.70400185371191,21.792247763193348,137123200
AAPL,2016-02-23,21.425697326660156,21.835249115154625,21.394019383147793,21.812622259262714,127770400
AAPL,2016-02-24,21.74473762512207,21.808093505328504,21.11570177690352,21.265042117091483,145022800
AAPL,2016-02-25,21.894081115722656,21.894081115722656,21.552409882510005,21.733428188848517,110330800
AAPL,2016-02-26,21.92801856994629,22.179178881360585,21.853348401686738,21.993635925463597,115964400
AAPL,2016-02-29,21.87824058532715,22.226699678106144,21.869189498022948,21.91670641163121,140865200
AAPL,2016-03-01,22.747119903564453,22.80142469069322,22.043413968591395,22.095457279065084,201628400
AAPL,2016-03-02,22.796907424926758,22.828585371580473,22.545745329087584,22.742602620137337,132678400
AAPL,2016-03-03,22.966604232788086,23.014121137835684,22.729017981232012,22.758434441250582,147822800
AAPL,2016-03-04,23.308277130126953,23.475717911864166,22.937191221240052,23.16346320111344,184220400
AAPL,2016-03-07,23.050329208374023,23.267550120715413,22.844420860215557,23.167989888522893,143315600
AAPL,2016-03-08,22.860258102416992,23.02543740912557,22.717707374999783,22.80369010682502,126247600
AAPL,2016-03-09,22.880626678466797,22.98471159775455,22.688294085500996,22.923617187232708,108806800
AAPL,2016-03-10,22.891937255859375,23.134048220780034,22.661140581184426,22.9462437774568,134054400
AAPL,2016-03-11,23.13857078552246,23.143095465078485,22.966603614987008,23.134044379648405,109632800
AAPL,2016-03-14,23.197410583496094,23.285658274165492,23.029969744256338,23.05938621658574,100304400
AAPL,2016-03-15,23.66352653503418,23.799289391840023,23.49834721293617,23.523237271421053,160270800
AAPL,2016-03-16,23.978042602539062,24.054974249049753,23.665786157407254,23.670312563859795,153214000
AAPL,2016-03-17,23.939577102661133,24.091178920822344,23.749507734406702,23.876219495697473,137682800
AAPL,2016-03-18,23.96672821044922,24.097966375920844,23.80155062831962,24.06176202972802,176820800
AAPL,2016-03-21,23.96446990966797,24.35818273194511,23.790239491580394,23.968994590382625,142010800
AAPL,2016-03-22,24.14774513244629,24.27672008745704,23.806073971295017,23.815125057334843,129777600
AAPL,2016-03-23,24.01424789428711,24.226944136945665,23.962206298520723,24.093444479153383,102814000
AAPL,2016-03-24,23.910165786743164,24.041403982801047,23.733673873715702,23.864912069773585,104532000
AAPL,2016-03-28,23.801549911499023,24.02782188943492,23.772133449523714,23.984829661205282,77645600
AAPL,2016-03-29,24.364973068237305,24.389863130469006,23.731410672679043,23.733673876423374,124760400
AAPL,2016-03-30,24.790355682373047,24.984949708411346,24.5731348053271,24.58444909398996,182404400
AAPL,2016-03-31,24.6613826751709,24.867291006090742,24.63649261920656,24.826561980541666,103553600
AAPL,2016-04-01,24.88765525817871,24.88991846140795,24.48262819605761,24.613866362261415,103496000
AAPL,2016-04-04,25.143339157104492,25.385450069271393,24.951006622744835,24.984947759768183,149424800
AAPL,2016-04-05,24.846927642822266,25.055099193778993,24.758681701370815,24.779047078954108,106314800
AAPL,2016-04-06,25.107139587402344,25.111665993901667,24.70890040505678,24.94196200286057,105616400
AAPL,2016-04-07,24.559560775756836,24.984951474246955,24.464526959017267,24.878603368044878,127207600
AAPL,2016-04-08,24.586713790893555,24.83787409655263,24.475839279478535,24.643281785008824,94326800
AAPL,2016-04-11,24.668169021606445,25.02794234592997,24.625178521879334,24.656856459075357,117630000
AAPL,2016-04-12,24.98948097229004,25.003056740270104,24.58671707657627,24.740580383866106,108929200
AAPL,2016-04-13,25.35151481628418,25.419395379767877,25.070938022651205,25.070938022651205,133029200
AAPL,2016-04-14,25.36509132385254,25.43071041222434,25.190862640210334,25.256481728582134,101895600
AAPL,2016-04-15,24.855979919433594,25.410347378970744,24.828828383114317,25.367355144707314,187756000
AAPL,2016-04-18,24.319711685180664,24.652330025365913,24.197524616282408,24.638754259816587,243286000
AAPL,2016-04-19,24.19074058532715,24.437376239107543,24.036875554768923,24.410222977367255,129539600
AAPL,2016-04-20,24.240520477294922,24.45774140571795,23.998409488981064,24.12964767271117,122444000
AAPL,2016-04-21,23.978042602539062,24.195263501668265,23.876219173175897,24.195263501668265,126210000
AAPL,2016-04-22,23.912425994873047,24.0934442927117,23.672578217607494,23.76082416306627,134732400
AAPL,2016-04-25,23.77666473388672,23.90563971871821,23.64768974905523,23.758562557621605,112126400
AAPL,2016-04-26,23.61148452758789,23.826443978608584,23.51192601443075,23.51192601443075,224064800
AAPL,2016-04-27,22.133926391601562,22.33530832822501,21.649704462381326,21.722111431433373,458408400
AAPL,2016-04-28,21.457374572753906,22.147503149777744,21.326136396000567,22.086410468223406,328970800
AAPL,2016-04-29,21.210744857788086,21.432492261643407,20.932431158753065,21.2673128792868,274126000
AAPL,2016-05-02,21.1881103515625,21.287670585909353,20.907533549506745,21.26278052732264,192640400
AAPL,2016-05-03,21.536575317382812,21.663287121958728,21.197167218281162,21.3148279330561,227325200
AAPL,2016-05-04,21.312562942504883,21.69948790454765,21.228841670384366,21.541096448615743,164102000
AAPL,2016-05-05,21.22604751586914,21.41499709446057,21.098564299869405,21.399061692460606,143562000
AAPL,2016-05-06,21.10767364501953,21.27385689972502,20.909617844724483,21.2556462495966,174799600
AAPL,2016-05-09,21.123605728149414,21.34670135439746,21.07807476791514,21.171411933773996,131745600
AAPL,2016-05-10,21.26702880859375,21.301176601729335,20.968808337989397,21.246541174809746,134747200
AAPL,2016-05-11,21.059871673583984,21.30117977046872,21.048488495235805,21.280692133636997,114876400
AAPL,2016-05-12,20.56587028503418,21.121336033753508,20.367816184370167,21.107677609384716,305258800
AAPL,2016-05-13,20.606842041015625,20.868639441253695,20.48846500739972,20.48846500739972,177571200
AAPL,2016-05-16,21.371749877929688,21.487851693136445,20.864092098720693,21.032552364137977,245039200
AAPL,2016-05-17,21.2829647064209,21.5584205669201,21.173693850052576,21.52427450982309,187667600
AAPL,2016-05-18,21.526546478271484,21.674519071535453,21.374021657030653,21.43548802410475,168249600
AAPL,2016-05-19,21.444597244262695,21.54476365029383,21.301178583941898,21.54476365029383,121768400
AAPL,2016-05-20,21.67679786682129,21.72460408030558,21.517442085044827,21.544760665676776,128104000
AAPL,2016-05-23,21.952255249023438,22.125269464843562,21.779241033203313,21.824772004118582,152074400
AAPL,2016-05-24,22.28689956665039,22.330151816165124,22.045589773017973,22.132097745705188,140560800
AAPL,2016-05-25,22.678457260131836,22.705774104756745,22.33470582502775,22.462189064821,152675200
AAPL,2016-05-26,22.858306884765625,22.93115471825379,22.455365948886282,22.692121841930156,225324800
AAPL,2016-05-27,22.844633102416992,22.87195167499929,22.594218932645028,22.637472905026588,145364800
AAPL,2016-05-31,22.73309326171875,22.85602427612958,22.49633742694555,22.67390386881822,169228800
AAPL,2016-06-01,22.414386749267578,22.66024881463697,22.384792916832613,22.54187001123874,116693200
AAPL,2016-06-02,22.245920181274414,22.273237022921467,21.997781203065305,22.21860160279867,160766400
AAPL,2016-06-03,22.291452407836914,22.371129434742336,22.184456798780094,22.261858579794595,114019600
AAPL,2016-06-06,22.453088760375977,23.195227251323377,22.20722841011903,22.307393094731363,93170000
AAPL,2016-06-07,22.544139862060547,22.735366431348574,22.5282044593556,22.594223052512856,89638000
AAPL,2016-06-08,22.52366065979004,22.66480235461189,22.464471254668045,22.541871314818184,83392400
AAPL,2016-06-09,22.68528175354004,22.76268177965261,22.414378188489007,22.423484380413168,106405600
AAPL,2016-06-10,22.498611450195312,22.616988483596124,22.418934433788163,22.43031587222993,126851600
AAPL,2016-06-13,22.15941619873047,22.564634036521227,22.10478076879256,22.466744617100094,152082000
AAPL,2016-06-14,22.186738967895508,22.41894262839025,22.025107893581765,22.154868149683185,127727600
AAPL,2016-06-15,22.113882064819336,22.402998030224733,22.08884046980537,22.26868386271085,117780800
AAPL,2016-06-16,22.207223892211914,22.252753127152243,21.870301648434932,21.95680788955315,125307200
AAPL,2016-06-17,21.701845169067383,22.002342687687584,21.69501595632158,21.995513474941784,244032800
AAPL,2016-06-20,21.649478912353516,21.984124137793835,21.63354350813392,21.85436392148318,137647600
AAPL,2016-06-21,21.83388328552246,21.934047971216188,21.553873393846285,21.613062801412593,142185600
AAPL,2016-06-22,21.751922607421875,22.05697227466508,21.70639163981398,21.911276651977456,116876400
AAPL,2016-06-23,21.877126693725586,21.920380674461924,21.683624876836088,21.8407036600755,128960800
AAPL,2016-06-24,21.262483596801758,21.549322722239165,21.091746311608215,21.150935723454232,301245600
AAPL,2016-06-27,20.952871322631836,21.18279792612506,20.8299403188878,21.171414750344976,181958400
AAPL,2016-06-28,21.305727005004883,21.32166414568785,20.975635752241036,21.148649948964444,161779600
AAPL,2016-06-29,21.490129470825195,21.524277269128728,21.314838250054,21.392240041997287,146124000
AAPL,2016-06-30,21.763301849365234,21.802001865302973,21.467358405523612,21.499229211216885,143345600
AAPL,2016-07-01,21.829320907592773,21.961358097890752,21.7018376821071,21.738260716462143,104106000
AAPL,2016-07-05,21.62443733215332,21.71777451182094,21.503783309132288,21.715497529265225,110820800
AAPL,2016-07-06,21.74736785888672,21.776963420972997,21.483295203588348,21.5356536434154,123796400
AAPL,2016-07-07,21.840709686279297,21.968192944472257,21.767861862050584,21.786072515485913,100558400
AAPL,2016-07-08,22.009166717529297,22.056972932321376,21.86574807315307,21.96591273121933,115648400
AAPL,2016-07-11,22.07746696472168,22.22999183510009,22.02055454411816,22.025106773561575,95179600
AAPL,2016-07-12,22.177629470825195,22.24137109776262,22.109335614890412,22.12071705579834,96670000
AAPL,2016-07-13,22.05242347717285,22.234542165451483,22.04559252834731,22.1753545035962,103568800
AAPL,2016-07-14,22.489501953125,22.53503117386018,22.15485679655326,22.170792197493416,155676000
AAPL,2016-07-15,22.487226486206055,22.605605247019266,22.423484878150582,22.51909729023379,120548000
AAPL,2016-07-18,22.726266860961914,22.79456071952793,22.446257004036756,22.46902162355876,145975600
AAPL,2016-07-19,22.735380172729492,22.7649740136886,22.61472435152001,22.664807572242875,95119600
AAPL,2016-07-20,22.755855560302734,22.869680369069854,22.705772366552605,22.764961753423556,105104000
AAPL,2016-07-21,22.63520050048828,22.992610314115744,22.56690492363568,22.726260690682196,130808000
AAPL,2016-07-22,22.459911346435547,22.605606957825405,22.38023259350751,22.596500765009953,113254800
AAPL,2016-07-25,22.15941619873047,22.50089067529316,22.063803762131876,22.366578214856425,161531600
AAPL,2016-07-26,22.006893157958984,22.302838423366524,21.949980740521315,22.041040955787416,224959200
AAPL,2016-07-27,23.436527252197266,23.755237061687346,23.39099802376814,23.737024675584205,369379200
AAPL,2016-07-28,23.752958297729492,23.777999892535995,23.40693167186566,23.40920865416496,159479200
AAPL,2016-07-29,23.723371505737305,23.80077329539467,23.60271746054674,23.718819276618223,110934800
AAPL,2016-08-01,24.14225196838379,24.165016591572975,23.76890659022699,23.76890659022699,152671600
AAPL,2016-08-02,23.78483772277832,24.146799855832086,23.675565119560158,24.14224762674467,135266400
AAPL,2016-08-03,24.083053588867188,24.09443502780804,23.85085000306549,23.859956196315437,120810400
AAPL,2016-08-04,24.23183250427246,24.261586651709102,24.09679068939377,24.165456255771122,109634800
AAPL,2016-08-05,24.6003360748291,24.63924575065291,24.302787591644368,24.323386215467078,162213600
AAPL,2016-08-08,24.804035186767578,24.804035186767578,24.5270871466591,24.60948336646476,112148800
AAPL,2016-08-09,24.904739379882812,24.93449526442655,24.721634169460142,24.771988669853517,105260800
AAPL,2016-08-10,24.719343185424805,24.92533806121746,24.664411800625842,24.881849769039775,96034000
AAPL,2016-08-11,24.703325271606445,24.93220811420588,24.68501422510149,24.83836531054611,109938000
AAPL,2016-08-12,24.76054573059082,24.820055758008316,24.668992245234094,24.668992245234094,74641600
AAPL,2016-08-15,25.05809783935547,25.07183025301336,24.73766146618195,24.75139387983984,103472800
AAPL,2016-08-16,25.03520393371582,25.229755741000236,24.99629427075392,25.092424642625954,135177600
AAPL,2016-08-17,24.998584747314453,25.032917523500135,24.79716672501847,24.971118177118402,101424000
AAPL,2016-08-18,24.966543197631836,25.085561518440528,24.952809038364844,25.000875976442813,87938800
AAPL,2016-08-19,25.030622482299805,25.106154223388835,24.801739688384288,24.895580725846337,101472400
AAPL,2016-08-22,24.83608055114746,24.971120605375244,24.68501701973566,24.916189205879,103280800
AAPL,2016-08-23,24.913898468017578,25.021473689483713,24.840656024118577,24.854388436650385,85030800
AAPL,2016-08-24,24.726215362548828,24.891011302987323,24.64610670990169,24.8498123178777,94700400
AAPL,2016-08-25,24.620933532714844,24.691886673061536,24.417227891003797,24.579734540782386,100344800
AAPL,2016-08-26,24.476730346679688,24.70790074719465,24.33253304649595,24.584305555947743,111065200
AAPL,2016-08-29,24.449264526367188,24.59117251365014,24.327956902413796,24.403488657559762,99881200
AAPL,2016-08-30,24.261587142944336,24.37602859173181,24.147145694156862,24.215811261924518,99455600
AAPL,2016-08-31,24.284467697143555,24.392042905682008,24.17918180583116,24.18376044028327,118649600
AAPL,2016-09-01,24.428668975830078,24.444690706547647,24.174608855710293,24.293627177292564,106806000
AAPL,2016-09-02,24.657554626464844,24.719352238716972,24.449270357370363,24.65068667289205,107210000
AAPL,2016-09-06,24.650686264038086,24.788017393410165,24.607199702892252,24.696463889241397,107521600
AAPL,2016-09-07,24.801746368408203,24.893299859880564,24.506487275184583,24.680438734358308,169457200
AAPL,2016-09-08,24.151716232299805,24.55226119771989,24.087629317230586,24.54768430931672,212008000
AAPL,2016-09-09,23.604686737060547,24.19749420262541,23.604686737060547,23.950300315527222,186228000
AAPL,2016-09-12,24.13340950012207,24.197496422009813,23.46735953427949,23.494826106333228,181171200
AAPL,2016-09-13,24.707902908325195,24.90016540997437,24.54539629470703,24.607195641973306,248704800
AAPL,2016-09-14,25.582242965698242,25.870635931202962,24.85668453504217,24.88644043196196,443554800
AAPL,2016-09-15,26.45198631286621,26.488608400703036,25.975909648411054,26.06059691685577,359934400
AAPL,2016-09-16,26.30321502685547,26.58016304815976,26.101798760335285,26.348992641681043,319547600
AAPL,2016-09-19,25.996509552001953,26.591604498982303,25.920977806845336,26.365011009749683,188092000
AAPL,2016-09-20,25.994224548339844,26.12011081115645,25.75160929226149,25.875206237689383,138057200
AAPL,2016-09-21,25.98965072631836,26.090358002216576,25.735590599557394,26.058314539943815,144012800
AAPL,2016-09-22,26.234554290771484,26.307796736816936,26.09264628757944,26.172754940092023,124296000
AAPL,2016-09-23,25.79738998413086,26.27346680818627,25.531886743255473,26.188779511350944,209924800
AAPL,2016-09-26,25.8363037109375,25.95303449057506,25.53189075059047,25.55248937545927,119477600
AAPL,2016-09-27,25.884363174438477,25.904963540976546,25.71270102031809,25.863764554138143,98429600
AAPL,2016-09-28,26.08120346069336,26.239133206587653,25.962185131514705,26.021695169222927,118564400
AAPL,2016-09-29,25.676084518432617,26.046875455570937,25.589109642617057,25.900390535124735,143548000
AAPL,2016-09-30,25.87520980834961,25.94845225875798,25.58910621359226,25.740168003580504,145516400
AAPL,2016-10-03,25.753902435302734,25.875211835824874,25.698971029751696,25.7973907439095,86807200
AAPL,2016-10-04,25.8637638092041,26.163599804302354,25.77907652029831,25.877496222342135,118947200
AAPL,2016-10-05,25.87520980834961,26.014828502290214,25.79281183336047,25.955318465634114,85812400
AAPL,2016-10-06,26.067472457885742,26.170469060900054,25.893520970834256,26.0239841495634,115117200
AAPL,2016-10-07,26.106380462646484,26.220821901456944,25.98049592769764,26.163601182051714,97433600
AAPL,2016-10-10,26.561853408813477,26.722070693060626,26.25743882250647,26.326102624510632,144944000
AAPL,2016-10-11,26.619075775146484,27.166105639172304,26.596186093481776,26.939510363601958,256164000
AAPL,2016-10-12,26.857112884521484,27.003599515625737,26.722072840694022,26.85940220197684,150347200
AAPL,2016-10-13,26.774717330932617,26.880003235410353,26.486324442696798,26.731229029386608,140769600
AAPL,2016-10-14,26.92349624633789,27.047093228074598,26.80905479060813,26.98071697420277,142608800
AAPL,2016-10-17,26.905181884765625,26.971556379926877,26.72894109816619,26.854827374308645,94499600
AAPL,2016-10-18,26.886869430541992,27.05624225539342,26.882290795519253,27.049376049096928,98214000
AAPL,2016-10-19,26.8067626953125,26.953247594229147,26.046871627343243,26.836516840135722,80138400
AAPL,2016-10-20,26.793031692504883,26.866274150593316,26.625948153539685,26.747255811038844,96503200
AAPL,2016-10-21,26.687742233276367,26.758697110259885,26.6144997848891,26.735807426320722,92770800
AAPL,2016-10-24,26.928064346313477,26.948662962090957,26.779290162828072,26.802178095771055,94154800
AAPL,2016-10-25,27.065399169921875,27.090576425127797,26.8502487149759,26.99673361095342,192516000
AAPL,2016-10-26,26.456565856933594,26.481743108289862,25.934713276526317,26.16359610977424,264536800
AAPL,2016-10-27,26.202510833740234,26.518368554939595,26.11553422850968,26.410793330304532,138248000
AAPL,2016-10-28,26.028560638427734,26.369595630794517,25.96676128472614,26.062893418679984,151446800
AAPL,2016-10-31,25.987354278564453,26.145283975176305,25.909533215655262,26.01253152719061,105677600
AAPL,2016-11-01,25.518150329589844,26.040002986475454,25.29842298701894,25.969049856566283,175303200
AAPL,2016-11-02,25.54103660583496,25.714988062228944,25.458640385687897,25.49755005141465,113326800
AAPL,2016-11-03,25.26727294921875,25.642266892785667,25.20285698396342,25.531840025263218,107730400
AAPL,2016-11-04,25.039514541625977,25.363897198636803,24.871573166671375,24.96819711570307,123348000
AAPL,2016-11-07,25.400705337524414,25.423710787131366,25.182149178250135,25.32478577413851,130240000
AAPL,2016-11-08,25.550241470336914,25.70208059611489,25.237362443161036,25.377697966609183,97016800
AAPL,2016-11-09,25.50883674621582,25.610062853032144,24.85777377840301,25.27877868905412,236705600
AAPL,2016-11-10,24.79795265197754,25.557143017878346,24.347039171303557,25.557143017878346,228538000
AAPL,2016-11-11,24.945188522338867,25.04641460202416,24.512680122670883,24.6438131098981,136575600
AAPL,2016-11-14,24.319433212280273,24.802554705796396,23.94443926956893,24.779549254715324,204702000
AAPL,2016-11-15,24.641511917114258,24.77264490369558,24.422957524546458,24.517280389531447,129058000
AAPL,2016-11-16,25.3040771484375,25.359292328299528,24.524180723718356,24.547186171059305,235362000
AAPL,2016-11-17,25.294883728027344,25.386907305735157,25.037219816689973,25.262675739110172,110528000
AAPL,2016-11-18,25.32017707824707,25.430605665066192,25.228155303634452,25.241958218785776,113715600
AAPL,2016-11-21,25.704389572143555,25.764203408083205,25.308689401077803,25.333995929822972,117058400
AAPL,2016-11-22,25.720491409301758,25.863126280948833,25.62846783569494,25.754998713601097,103862000
AAPL,2016-11-23,25.5893497467041,25.653765699916704,25.382297214804243,25.619256652066213,109705600
AAPL,2016-11-25,25.71818733215332,25.736592395764816,25.52493767463953,25.566348190163666,45903600
AAPL,2016-11-28,25.66756820678711,25.8746207353781,25.626157701068912,25.635360230695518,108776000
AAPL,2016-11-29,25.64226722717285,25.773400231067928,25.322486713197073,25.485827700139822,114115200
AAPL,2016-11-30,25.426008224487305,25.812505717013426,25.368493727118555,25.67447127436906,144649200
AAPL,2016-12-01,25.18905258178711,25.522637770046657,25.083226101264454,25.39150476644213,148347600
AAPL,2016-12-02,25.283374786376953,25.327084613245596,25.041813182047214,25.11543167252432,106112000
AAPL,2016-12-05,25.10162925720215,25.31328220216583,24.90377923097857,25.306380742795778,137298000
AAPL,2016-12-06,25.294883728027344,25.389208377858886,25.12004086110663,25.1913583001084,104782000
AAPL,2016-12-07,25.543338775634766,25.580148897147293,25.113131450477074,25.1361368988208,119994800
AAPL,2016-12-08,25.794099807739258,25.86541721561157,25.444410716126722,25.504226278808364,108273200
AAPL,2016-12-09,26.215110778808594,26.387654294479216,25.837815764958435,25.837815764958435,137610400
AAPL,2016-12-12,26.065568923950195,26.45666677418299,25.879220773133106,26.06326785277385,105497600
AAPL,2016-12-13,26.50037956237793,26.668320906667244,26.16909550595621,26.18979988188101,174935200
AAPL,2016-12-14,26.50037956237793,26.73273686092633,26.452067596683612,26.465870513966813,136127200
AAPL,2016-12-15,26.645315170288086,26.854668774561183,26.509581804601382,26.544089097434888,186098000
AAPL,2016-12-16,26.679828643798828,26.80175911257715,26.606210148204177,26.794857652865684,177404400
AAPL,2016-12-19,26.833969116210938,27.004211570997985,26.62921760506345,26.6407212089181,111117600
AAPL,2016-12-20,26.905284881591797,27.03181749535354,26.843169988147295,26.856972907756425,85700000
AAPL,2016-12-21,26.930593490600586,27.008814136586548,26.86617752049659,26.87077966419176,95132800
AAPL,2016-12-22,26.753442764282227,26.804055800827204,26.603904725909267,26.76724568144791,104343600
AAPL,2016-12-23,26.806358337402344,26.806358337402344,26.592404319614282,26.592404319614282,56998000
AAPL,2016-12-27,26.976604461669922,27.1008360056042,26.799458799777113,26.806360259684002,73187600
AAPL,2016-12-28,26.861572265625,27.151444078578333,26.732738593553627,27.03641507988799,83623600
AAPL,2016-12-29,26.854677200317383,26.942098628262887,26.77875762185743,26.79025947134298,60158000
AAPL,2016-12-30,26.645315170288086,26.96279455077799,26.555592698514783,26.836263714914587,122345200
AAPL,2017-01-03,26.721237182617188,26.762647693029223,26.401456701458834,26.640717233261352,115127600
AAPL,2017-01-04,26.691329956054688,26.804059646424857,26.629215064694332,26.65222051500545,84472400
AAPL,2017-01-05,26.827062606811523,26.88457710485285,26.643015510998012,26.66832203055245,88774400
AAPL,2017-01-06,27.126142501831055,27.183657007935995,26.794858385001508,26.866175810906533,127007600
AAPL,2017-01-09,27.374601364135742,27.47582744741152,27.133041513413918,27.13534082970417,134247600
AAPL,2017-01-10,27.402212142944336,27.464327038866397,27.215865699974678,27.323991499898003,97848400
AAPL,2017-01-11,27.5494441986084,27.590854706860362,27.284877160065474,27.31708513812776,110354400
AAPL,2017-01-12,27.434415817260742,27.44591941905576,27.195155292590645,27.35389587030523,108344800
AAPL,2017-01-13,27.386104583740234,27.51953864524781,27.33319047134818,27.40220857356334,104447600
AAPL,2017-01-17,27.606964111328125,27.6621775480938,27.197461091175988,27.22506693195707,137759200
AAPL,2017-01-18,27.604658126831055,27.72198819488039,27.540242169534384,27.606959198221134,94852000
AAPL,2017-01-19,27.556350708007812,27.62766813604499,27.462027827881563,27.468929287987937,102389200
AAPL,2017-01-20,27.606964111328125,27.710489524664204,27.544849214367183,27.710489524664204,130391600
AAPL,2017-01-23,27.625368118286133,27.793309493956794,27.554048936855708,27.60696305500064,88200800
AAPL,2017-01-24,27.600059509277344,27.629966418453563,27.49193196465079,27.503435567135732,92844000
AAPL,2017-01-25,28.039470672607422,28.090083717527474,27.671378193920752,27.703586176105624,129510400
AAPL,2017-01-26,28.05327606201172,28.168305074232265,27.97505542099596,27.9911594124987,105350400
AAPL,2017-01-27,28.055570602416992,28.147594147568313,27.97505065861076,28.099282181284575,82251600
AAPL,2017-01-30,27.981952667236328,27.981952667236328,27.7587978915031,27.82091277645912,121510000
AAPL,2017-01-31,27.917539596557617,27.92674212772511,27.749598229560107,27.87152869592351,196804000
AAPL,2017-02-01,29.619964599609375,30.02026674415808,29.21966421026375,29.22426459752385,447940000
AAPL,2017-02-02,29.569355010986328,29.767205035094836,29.396811507766348,29.442824161746977,134841600
AAPL,2017-02-03,29.695890426635742,29.72119694991995,29.484237463898236,29.518744763646293,98029200
AAPL,2017-02-06,29.974252700805664,30.02256642123465,29.65447224868922,29.707388111636728,107383600
AAPL,2017-02-07,30.25953483581543,30.388366781299386,30.011071722207557,30.03177610407307,152735200
AAPL,2017-02-08,30.376863479614258,30.41827575416535,30.188217703391395,30.218126373322335,92016400
AAPL,2017-02-09,30.59636116027832,30.603292541477735,30.29598838100748,30.41844748303212,113399600
AAPL,2017-02-10,30.52703857421875,30.716505696098103,30.510866529409288,30.605600090348965,80262000
AAPL,2017-02-13,30.797386169433594,30.919848828510432,30.672617750200253,30.748866488586742,92141600
AAPL,2017-02-14,31.19711685180664,31.213288904649293,30.788147600074634,30.838980095798494,132904800
AAPL,2017-02-15,31.310314178466797,31.485918528736484,31.10467502535525,31.31262698873376,142492400
AAPL,2017-02-16,31.273359298706055,31.400436986802053,31.155518752514713,31.347295215836816,90338400
AAPL,2017-02-17,31.358844757080078,31.384260996633373,31.215591511757644,31.215591511757644,88792800
AAPL,2017-02-21,31.585277557373047,31.59683103435728,31.418917360553394,31.476681219848377,98028800
AAPL,2017-02-22,31.680009841918945,31.682319126971226,31.448954414153693,31.522890317713035,83347600
AAPL,2017-02-23,31.54599952697754,31.765501493928575,31.492857761966008,31.74239806487526,83152800
AAPL,2017-02-24,31.576034545898438,31.576034545898438,31.257176938072412,31.40274298088445,87106400
AAPL,2017-02-27,31.638427734375,31.756268295074936,31.48824307051981,31.68695094036211,81029600
AAPL,2017-02-28,31.65227508544922,31.756249292487887,31.585267056593743,31.673069221731954,93931600
AAPL,2017-03-01,32.29924011230469,32.38242021612314,31.793231633504373,31.86023616336788,145658400
AAPL,2017-03-02,32.10746383666992,32.41245516840426,32.061249930553956,32.347759930593156,104844000
AAPL,2017-03-03,32.29692459106445,32.308478066569165,32.02196809193067,32.06586918347313,84432400
AAPL,2017-03-06,32.19525146484375,32.29460709818106,32.02427276308277,32.20218284325974,87000000
AAPL,2017-03-07,32.236839294433594,32.34312276748459,32.068166372065605,32.13055229575821,69785200
AAPL,2017-03-08,32.11669921875,32.301544235925455,32.07511094083889,32.105145744121764,74828800
AAPL,2017-03-09,32.04275894165039,32.068175174900205,31.66614106338095,32.0566252262074,88623600
AAPL,2017-03-10,32.149051666259766,32.199884141766816,32.03352395385757,32.17446790401329,78451200
AAPL,2017-03-13,32.16291427612305,32.21605603640242,32.07511561253668,32.08204699319808,69686800
AAPL,2017-03-14,32.11439514160156,32.26688904429549,32.07973471209646,32.18602176003566,61236400
AAPL,2017-03-15,32.45404052734375,32.52104503689061,32.123629497551406,32.21143167096657,102767200
AAPL,2017-03-16,32.50718688964844,32.583435599648205,32.407831227906016,32.51411827004607,76928000
AAPL,2017-03-17,32.3454475402832,32.57881223101058,32.322340589443556,32.57881223101058,175540000
AAPL,2017-03-20,32.68510437011719,32.694345036519806,32.400903638062616,32.44018264011968,86168000
AAPL,2017-03-21,32.310791015625,32.99471665093121,32.2853747768826,32.83528783751306,158119600
AAPL,2017-03-22,32.675865173339844,32.71745699257551,32.292312234910746,32.313109907341975,103440800
AAPL,2017-03-23,32.560333251953125,32.71283069351587,32.488706627299024,32.638891257984966,81385200
AAPL,2017-03-24,32.49563980102539,32.7498022176487,32.42863526880281,32.69434763794183,89582400
AAPL,2017-03-27,32.55109405517578,32.62965206475492,32.02890646363169,32.20682015348862,94300400
AAPL,2017-03-28,33.225772857666016,33.281223906665865,32.491014727782115,32.55802277949188,133499200
AAPL,2017-03-29,33.29971694946289,33.38520988039427,33.084837030521676,33.198051967140444,116760000
AAPL,2017-03-30,33.25579833984375,33.38750159553107,33.156446221167535,33.31587499357841,84829200
AAPL,2017-03-31,33.19341278076172,33.3343566867882,33.04322468628684,33.20727553780942,78646800
AAPL,2017-04-03,33.202667236328125,33.29971010159959,33.052482605089835,33.20498004721343,79942800
AAPL,2017-04-04,33.44989776611328,33.477623291318075,33.080207643793266,33.0986925024719,79565600
AAPL,2017-04-05,33.276607513427734,33.60932793169963,33.22808431675207,33.322817899159624,110871600
AAPL,2017-04-06,33.19341278076172,33.39212052490356,33.144889605469864,33.33897525538751,84596000
AAPL,2017-04-07,33.119476318359375,33.313561985521645,33.10330427557512,33.2095877728008,66688800
AAPL,2017-04-10,33.0802116394043,33.244262576475684,33.017825674531885,33.17956732609938,75733600
AAPL,2017-04-11,32.7243766784668,33.121792239387545,32.361618016499676,33.02705868141359,121517600
AAPL,2017-04-12,32.76366424560547,32.84453153953262,32.58112846168498,32.71745385970046,81400000
AAPL,2017-04-13,32.59037399291992,32.897678183969354,32.59037399291992,32.78908183353735,71291600
AAPL,2017-04-17,32.770591735839844,32.782145212350784,32.548776973958354,32.68972092588931,66328400
AAPL,2017-04-18,32.625038146972656,32.81912393421984,32.60424399668776,32.67356135659814,58790000
AAPL,2017-04-19,32.504878997802734,32.80987388395424,32.45173723150411,32.782148358168236,69313600
AAPL,2017-04-20,32.91154479980469,33.02245044863824,32.615794052497215,32.62965681789803,93278400
AAPL,2017-04-21,32.87226104736328,32.96699110581275,32.7752181779293,32.91154005220847,69283600
AAPL,2017-04-24,33.188804626464844,33.260431251712454,33.08251756841505,33.156457004558625,68537200
AAPL,2017-04-25,33.394447326660156,33.47993672371542,33.24194986789126,33.251194061188805,75486000
AAPL,2017-04-26,33.19804000854492,33.41061409080594,33.12872620522698,33.38057575895097,80164800
AAPL,2017-04-27,33.22345733642578,33.30895023936952,33.11255172184781,33.25349566926757,56985200
AAPL,2017-04-28,33.19112014770508,33.34130833347928,33.10332145782186,33.2927851286902,83441600
AAPL,2017-05-01,33.86810302734375,34.01135625590871,33.49379438464133,33.526142001595545,134411600
AAPL,2017-05-02,34.08299255371094,34.217005155060875,33.928185805330884,34.08992393605431,181408800
AAPL,2017-05-03,33.979007720947266,34.07836337966752,33.33436468419537,33.639355989291474,182788000
AAPL,2017-05-04,33.85655975341797,33.99750373953712,33.69019952306005,33.85425046780604,93487600
AAPL,2017-05-05,34.41802215576172,34.42264072641439,33.90969733385166,33.90969733385166,109310800
AAPL,2017-05-08,35.35379409790039,35.51322292684159,34.43419436903658,34.43419436903658,195009600
AAPL,2017-05-09,35.58022689819336,35.78586608965602,35.455454991771575,35.55249784919626,156521600
AAPL,2017-05-10,35.411556243896484,35.568675779877275,35.145843892303795,35.497049156002355,103222800
AAPL,2017-05-11,35.717811584472656,35.74565509263949,35.337316681196974,35.36979782390908,109020400
AAPL,2017-05-12,36.216644287109375,36.29088540405513,35.88486922837085,35.89182922245389,130108000
AAPL,2017-05-15,36.123817443847656,36.344225388633426,35.973012939567404,36.19573970097141,104038800
AAPL,2017-05-16,36.070457458496094,36.20734198695468,35.89645062192659,36.17950202596057,80194000
AAPL,2017-05-17,34.85936737060547,35.86164838463973,34.73408401394015,35.63659927380828,203070800
AAPL,2017-05-18,35.39067840576172,35.57628645594224,35.063548155767805,35.09602929903596,134272800
AAPL,2017-05-19,35.511314392089844,35.72476235196621,35.41155217244053,35.58555900779195,107843200
AAPL,2017-05-22,35.72709274291992,35.8639773012021,35.4765224188457,35.72941156011525,91865600
AAPL,2017-05-23,35.68301010131836,35.93821805739705,35.569324336589276,35.93821805739705,79675600
AAPL,2017-05-24,35.57627487182617,35.768842851420054,35.420829198216694,35.69227942289396,76712000
AAPL,2017-05-25,35.699249267578125,35.81061621627435,35.50436241762813,35.666768125919795,76942400
AAPL,2017-05-26,35.63892364501953,35.78509053405886,35.569320195944684,35.72940706676329,87710400
AAPL,2017-05-30,35.65283966064453,35.829165310531,35.573957412551486,35.59483738289763,80507600
AAPL,2017-05-31,35.44171142578125,35.76884513027702,35.353550368673936,35.72244401492925,97804800
AAPL,2017-06-01,35.53916549682617,35.57396899891659,35.316438660236145,35.53684667942517,65616400
AAPL,2017-06-02,36.06583023071289,36.06583023071289,35.471887231987566,35.631974149961714,111082800
AAPL,2017-06-05,35.71316909790039,35.83381485504756,35.60412804722725,35.80829370526987,101326800
AAPL,2017-06-06,35.833824157714844,36.14935684589,35.67837840150662,35.70621837569919,106499600
AAPL,2017-06-07,36.047264099121094,36.18878983634843,35.84077607662668,35.96606301262677,84278400
AAPL,2017-06-08,35.9591064453125,36.08670867055313,35.82221832958229,36.01942756161133,85003200
AAPL,2017-06-09,34.564720153808594,36.00549844870563,33.87797509248136,36.00549844870563,259530800
AAPL,2017-06-12,33.73876953125,33.89421523399402,33.06362206785271,33.81301415713416,289229200
AAPL,2017-06-13,34.01023483276367,34.20976292775699,33.67614094903717,34.142481803480486,136661600
AAPL,2017-06-14,33.67844772338867,34.22134826314073,33.37219395829046,34.22134826314073,126124800
AAPL,2017-06-15,33.47659683227539,33.52067913475004,32.99402094249624,33.251551226267416,128661600
AAPL,2017-06-16,33.0079460144043,33.52532547863764,32.99170367301799,33.358278590962286,201444400
AAPL,2017-06-19,33.95220947265625,34.045015233013565,33.33042680906225,33.33042680906225,130165600
AAPL,2017-06-20,33.64365768432617,34.07519500035824,33.62741887887042,34.07519500035824,99600400
AAPL,2017-06-21,33.84318161010742,33.88958628326422,33.550851286189,33.761980512442065,85063200
AAPL,2017-06-22,33.78749465942383,34.035742616466905,33.66916772366512,33.81997579978962,76425200
AAPL,2017-06-23,33.93830108642578,34.14247028877501,33.66685078249091,33.67149195713857,141757600
AAPL,2017-06-26,33.83158493041992,34.40232560838147,33.72950031090039,34.14479524193161,102769600
AAPL,2017-06-27,33.34666442871094,33.910448339947045,33.321143288034776,33.643635771027576,99047600
AAPL,2017-06-28,33.83388900756836,33.89885127529129,33.21442510738161,33.52299764915459,88329600
AAPL,2017-06-29,33.3350715637207,33.67148764914415,33.010260183521176,33.57404423508429,125997600
AAPL,2017-06-30,33.41396713256836,33.632056354550755,33.358283648175124,33.51372939273757,92096400
AAPL,2017-07-03,33.29330825805664,33.710925376297865,33.20050602741556,33.61348197207128,57111200
AAPL,2017-07-05,33.430198669433594,33.59260437172023,33.11234725637412,33.33739642246375,86278400
AAPL,2017-07-06,33.11467742919922,33.293325533066074,33.04043631420027,33.18196209047765,96515200
AAPL,2017-07-07,33.45107650756836,33.58332341824197,33.15410508801684,33.15410508801684,76806800
AAPL,2017-07-10,33.65523910522461,33.861727060320725,33.26314316415742,33.43483117071179,84362400
AAPL,2017-07-11,33.76430130004883,33.83854594928799,33.497492114727514,33.578693217130656,79127200
AAPL,2017-07-12,33.81300735473633,33.915088384522775,33.5995594085281,33.84316613027823,99538000
AAPL,2017-07-13,34.284000396728516,34.45104730356028,33.7434185371451,33.7573385226845,100797600
AAPL,2017-07-14,34.57863998413086,34.645924615900284,34.18190634507622,34.33039205013278,80528400
AAPL,2017-07-17,34.69929504394531,35.010186519241415,34.4696082039215,34.527610503350445,95174000
AAPL,2017-07-18,34.819942474365234,34.83154364283876,34.492808640381405,34.615773237805755,71475200
AAPL,2017-07-19,35.038028717041016,35.13083097657728,34.78977718550363,34.91274177246986,83692000
AAPL,2017-07-20,34.88025665283203,35.2050716045532,34.845456694516386,35.14938813106929,68974800
AAPL,2017-07-21,34.86402130126953,34.90346243798861,34.54152867498606,34.79905901253468,105010400
AAPL,2017-07-24,35.28627014160156,35.36747475871802,34.77816954577707,34.93593760584311,85972800
AAPL,2017-07-25,35.437076568603516,35.692284493098995,35.218987415187335,35.218987415187335,75415600
AAPL,2017-07-26,35.60411834716797,35.71315936813375,35.51131258227014,35.57859720434331,63124000
AAPL,2017-07-27,34.931304931640625,35.727098336417974,34.174956206611974,35.671414853401714,129905200
AAPL,2017-07-28,34.685367584228516,34.85473327081453,34.61344531486372,34.7758510102324,68854800
AAPL,2017-07-31,34.50672149658203,34.877937569955606,34.36751812420108,34.77817178991268,79383600
AAPL,2017-08-01,34.812965393066406,34.852406514372724,34.432470619089045,34.59255746097682,141474400
AAPL,2017-08-02,36.45790481567383,37.063448624956266,36.23053692021016,36.954404079746894,279747200
AAPL,2017-08-03,36.093658447265625,36.47415324084323,35.96605273047904,36.43703093410931,108389200
AAPL,2017-08-04,36.28390884399414,36.5182367982239,36.12150315590527,36.20966776094429,82239600
AAPL,2017-08-07,36.845375061035156,36.870896210885,36.348875587739144,36.4393590208106,87481200
AAPL,2017-08-08,37.1400260925293,37.54604211525849,36.720090086877995,36.79665353312838,144823600
AAPL,2017-08-09,37.36738967895508,37.41611315363051,36.91497258630468,36.949772539516886,104526000
AAPL,2017-08-10,36.17716979980469,37.26723470908686,36.016454281468874,37.24394126576149,163217200
AAPL,2017-08-11,36.68027877807617,36.93416454339408,36.35186393739302,36.47531138153877,105028400
AAPL,2017-08-14,37.23230743408203,37.31615887536622,36.97609370957996,37.108859972480495,88490800
AAPL,2017-08-15,37.639915466308594,37.77966548996639,37.299850322653825,37.42096985308881,117862000
AAPL,2017-08-16,37.48850631713867,37.851861268607664,37.30216944215757,37.719098599761814,110686400
AAPL,2017-08-17,36.7687873840332,37.43261145636436,36.76412798432432,37.38835604433153,111762400
AAPL,2017-08-18,36.684932708740234,37.15077312408931,36.503255231080516,36.76878412566628,109712400
AAPL,2017-08-21,36.617393493652344,36.775777555216585,36.128259554669306,36.68493880130041,105474000
AAPL,2017-08-22,37.215999603271484,37.26724234582348,36.806061216936655,36.85497248223008,86418400
AAPL,2017-08-23,37.26258087158203,37.376713074383446,37.006370727162285,37.050626143637956,77596400
AAPL,2017-08-24,37.09721374511719,37.43960683877667,36.92951086030106,37.36739856702638,79275600
AAPL,2017-08-25,37.23461151123047,37.3976548887316,37.09718948977088,37.18569672094059,101920400
AAPL,2017-08-28,37.6096305847168,37.73307802479244,37.25093143296134,37.29984624604826,103864000
AAPL,2017-08-29,37.94503402709961,37.99394528318715,37.26723533152812,37.29052877524253,118067600
AAPL,2017-08-30,38.047508239746094,38.17328355799448,37.87514604784771,38.15232159729966,109078400
AAPL,2017-08-31,38.198917388916016,38.32003690260881,38.07779787522322,38.11506596467956,107140400
AAPL,2017-09-01,38.21057891845703,38.417877859529355,38.11275281128513,38.385269157138715,66364400
AAPL,2017-09-05,37.75171661376953,38.257153157457466,37.397676819239685,38.14069302608012,117874000
AAPL,2017-09-06,37.712120056152344,37.96367436281888,37.38836103771766,37.89845697450694,86606800
AAPL,2017-09-07,37.560707092285156,37.788971428503594,37.35108035110812,37.75403126892082,87714000
AAPL,2017-09-08,36.948143005371094,37.53509951790412,36.92484955709291,37.46755420442734,114446000
AAPL,2017-09-11,37.61662292480469,37.74472978180447,37.24162115472234,37.38370265901643,126323200
AAPL,2017-09-12,37.467552185058594,38.189606393791436,36.980749707380006,37.875162629389486,286856000
AAPL,2017-09-13,37.185726165771484,37.25793444748649,36.78044709993865,37.23696891843019,179629600
AAPL,2017-09-14,36.86661148071289,37.127480985161284,36.82235607104816,37.031986397763134,95042800
AAPL,2017-09-15,37.239295959472656,37.493178214800345,36.80140469040731,36.910877507673646,196458400
AAPL,2017-09-18,36.95744323730469,37.38368757823772,36.80138714867015,37.29284885338837,113077600
AAPL,2017-09-19,36.9714241027832,37.21366311254684,36.90387880537779,37.15310158306575,83242400
AAPL,2017-09-20,36.351863861083984,36.861956205442226,35.83012123973316,36.77810477619086,211805600
AAPL,2017-09-21,35.72764205932617,36.28898079421191,35.57857322040231,36.28898079421191,150046800
AAPL,2017-09-22,35.37824630737305,35.46675711385252,35.068462038774804,35.29672282202827,186581600
AAPL,2017-09-25,35.06614685058594,35.36428450753414,34.7423878221462,34.935712069931256,177549200
AAPL,2017-09-26,35.669403076171875,35.851080567151044,35.33166946109935,35.352631428347586,146640000
AAPL,2017-09-27,35.92328643798828,36.03741863130181,35.76257090902376,35.82313244404268,102016800
AAPL,2017-09-28,35.70201110839844,35.934931328862454,35.56691695403965,35.84409258504471,88022000
AAPL,2017-09-29,35.897666931152344,35.899998408208205,35.40387715030918,35.68571220984077,105199200
AAPL,2017-10-02,35.82545471191406,35.97452349491543,35.57157255172238,35.93026808910437,74795200
AAPL,2017-10-03,35.98151779174805,36.123599280752316,35.84875510265796,35.872044994281765,64921200
AAPL,2017-10-04,35.74859619140625,35.83710701682054,35.51102011384265,35.78353635863432,80655200
AAPL,2017-10-05,36.193477630615234,36.20512435397174,35.88136534751433,35.91164256334408,85135200
AAPL,2017-10-06,36.172508239746094,36.21676364697264,36.00014601004277,36.09564414626003,69630400
AAPL,2017-10-09,36.29828643798828,36.50558529280248,36.21676649297357,36.29129911567504,65051600
AAPL,2017-10-10,36.312255859375,36.80138967542724,36.125922552383685,36.34952394240527,62468000
AAPL,2017-10-11,36.46366500854492,36.56381900777948,36.277328102020135,36.32857084016647,67622400
AAPL,2017-10-12,36.33555603027344,36.65465560938733,36.27266657277076,36.41707953274286,64500400
AAPL,2017-10-13,36.566158294677734,36.63370361625292,36.43106409744572,36.50559674352587,65576800
AAPL,2017-10-16,37.239295959472656,37.267245256108666,36.71988116977698,36.77811124048966,96486000
AAPL,2017-10-17,37.376712799072266,37.46987947743301,37.0878904096244,37.21599725793115,75989200
AAPL,2017-10-18,37.21133804321289,37.43261512506398,37.17407350413148,37.36506626194702,65496800
AAPL,2017-10-19,36.33090591430664,36.58711965546994,36.10730442572919,36.510255533120954,170336800
AAPL,2017-10-20,36.3937873840332,36.74316774291992,36.32624207844399,36.477638812329246,95896400
AAPL,2017-10-23,36.37514877319336,36.729188487574625,36.21909265896591,36.542851608738154,87937200
AAPL,2017-10-24,36.591766357421875,36.66629897638764,36.38213603628996,36.40309800217904,71028800
AAPL,2017-10-25,36.43105697631836,36.696585917849305,36.16552803478742,36.54751710074563,84828400
AAPL,2017-10-26,36.663963317871094,36.76178935879311,36.51722247944827,36.62203584085903,68002000
AAPL,2017-10-27,37.977638244628906,38.10574506181474,36.96443398170839,37.10185604283496,177816800
AAPL,2017-10-30,38.83246612548828,39.146909898881574,38.13370534379751,38.173301361603585,178803200
AAPL,2017-10-31,39.37285232543945,39.514933873615725,38.88372174866383,39.10732328259488,144187200
AAPL,2017-11-01,38.872066497802734,39.58247408291886,38.57392881520999,39.56616795689383,134551200
AAPL,2017-11-02,39.15621566772461,39.2470544051936,38.497051063391076,38.80450743887397,165573600
AAPL,2017-11-03,40.178741455078125,40.588679798570986,39.85731038613164,40.528121815557064,237594400
AAPL,2017-11-06,40.58634948730469,40.758711734467276,39.9970615983004,40.148458323966565,140105200
AAPL,2017-11-07,40.7167854309082,40.81927090225437,40.43495393878697,40.50715864248612,97446000
AAPL,2017-11-08,41.04985809326172,41.04985809326172,40.60497964998318,40.68184374390672,97638000
AAPL,2017-11-09,40.965999603271484,41.017242323704934,40.32779707410559,40.786650081754416,117930400
AAPL,2017-11-10,40.830440521240234,40.99640999054884,40.73693890579127,40.933294438348895,100582000
AAPL,2017-11-13,40.666812896728516,40.79070414833469,40.53356934300593,40.55694653143879,67928400
AAPL,2017-11-14,40.05201721191406,40.55225821938238,40.01461514838106,40.44940432809518,99130000
AAPL,2017-11-15,39.52373504638672,39.81359575159804,39.36010544137141,39.73177916566144,116632400
AAPL,2017-11-16,39.99592971801758,40.17592051507128,39.808922910940396,40.01462718855294,94550000
AAPL,2017-11-17,39.77385330200195,40.06371400342983,39.654638212802126,39.981897418561154,87598000
AAPL,2017-11-20,39.73409652709961,39.86967629719186,39.63591881086512,39.80656077716391,65049600
AAPL,2017-11-21,40.47278594970703,40.60368961957662,39.921117936072704,39.921117936072704,100525200
AAPL,2017-11-22,40.89823532104492,40.9075840565545,40.451757404724546,40.52422169721312,102355600
AAPL,2017-11-24,40.90055847167969,41.0244496868098,40.82575434420491,40.930948094323455,56106800
AAPL,2017-11-27,40.694854736328125,40.92627601601087,40.51953655783263,40.91926357421964,82867200
AAPL,2017-11-28,40.456424713134766,40.877185489404816,40.173576481492574,40.7439455280813,105715200
AAPL,2017-11-29,39.61722946166992,40.421356022358474,39.07491378830195,40.35356790075893,166665600
AAPL,2017-11-30,40.17123031616211,40.239018425988334,39.374116335223185,39.8392915065516,166108800
AAPL,2017-12-01,39.984230041503906,40.12915858256177,39.38814756965987,39.72709530718462,159037200
AAPL,2017-12-04,39.692039489746094,40.351234038686634,39.65230112747466,40.318508118765585,130169600
AAPL,2017-12-05,39.65462875366211,40.09409406815887,39.36476812137704,39.51904895308636,109400800
AAPL,2017-12-06,39.50736618041992,39.785538263351555,38.911287221974995,39.15439352879619,114240000
AAPL,2017-12-07,39.579837799072266,39.84164516474968,39.483996328830415,39.512046098907895,102693200
AAPL,2017-12-08,39.591514587402344,39.97254053034316,39.46295079005944,39.85332546546157,93420800
AAPL,2017-12-11,40.3629035949707,40.41433052585726,39.45592343226898,39.55176485499902,141095200
AAPL,2017-12-12,40.13616943359375,40.29746270901659,40.08006990604287,40.241359614608676,77636800
AAPL,2017-12-13,40.2694091796875,40.566278663503006,40.2062936502376,40.323172410848755,95273600
AAPL,2017-12-14,40.257728576660156,40.470448819217914,40.124485051039116,40.299803226735804,81906000
AAPL,2017-12-15,40.666812896728516,40.71356370673606,40.31384017928465,40.58733616302987,160677200
AAPL,2017-12-18,41.239505767822266,41.421836368046534,40.874844567373735,40.87952071700584,117684400
AAPL,2017-12-19,40.8000373840332,40.99873270965546,40.694847209762465,40.914579856867505,109745600
AAPL,2017-12-20,40.7556266784668,41.00574538016436,40.4984919693788,40.87717802562036,93902400
AAPL,2017-12-21,40.909912109375,41.14600954402588,40.69719542593479,40.71355660149593,83799600
AAPL,2017-12-22,40.909912109375,41.005753571622236,40.790697029632184,40.83277168123875,65397600
AAPL,2017-12-26,39.872032165527344,40.08241256095756,39.66398449497271,39.92579541025149,132742000
AAPL,2017-12-27,39.87904357910156,39.921118230359454,39.67099948077001,39.76216479201962,85992800
AAPL,2017-12-28,39.991249084472656,40.171243428209586,39.850993103171035,39.97254804917525,65920800
AAPL,2017-12-29,39.55878448486328,39.876694857743026,39.5564481937096,39.86033368595383,103999600
AAPL,2018-01-02,40.26708221435547,40.27643451563853,39.56580942615581,39.77619340273042,102223600
AAPL,2018-01-03,40.26005554199219,40.802374685276824,40.19694358149866,40.330183509397145,118071600
AAPL,2018-01-04,40.44706726074219,40.5499211500562,40.224998308918046,40.33252478094121,89738400
AAPL,2018-01-05,40.90757369995117,40.99406285723671,40.45174716352319,40.54291247080879,94640000
AAPL,2018-01-08,40.7556266784668,41.050159881448366,40.65744537728277,40.7556266784668,82271200
AAPL,2018-01-09,40.75096130371094,40.921603346574265,40.53590474782042,40.80238825912582,86336000
AAPL,2018-01-10,40.741600036621094,40.74393989480724,40.440054379738385,40.477456442146824,95839600
AAPL,2018-01-11,40.97303009033203,41.02212075365002,40.788363163647276,40.8117367825329,74670800
AAPL,2018-01-12,41.396121978759766,41.45923751339591,41.05951054984298,41.18340176092249,101672400
AAPL,2018-01-16,41.18574142456055,41.93376483703263,41.17405283422285,41.58546481936825,118263600
AAPL,2018-01-17,41.8659782409668,41.901040446396664,40.92393560860837,41.176390621417674,137547200
AAPL,2018-01-18,41.90336990356445,42.09972892251785,41.66727610284251,41.92908337230499,124773600
AAPL,2018-01-19,41.71636962890625,41.97817691644085,41.47092351341417,41.75143183103793,129700400
AAPL,2018-01-22,41.37508773803711,41.5574183478053,41.28158614164321,41.44521571876117,108434400
AAPL,2018-01-23,41.38443374633789,41.945453988337626,41.333010368506855,41.44521299016399,130756400
AAPL,2018-01-24,40.7252311706543,41.44520468515818,40.48679752641156,41.43351609700638,204420400
AAPL,2018-01-25,39.998260498046875,40.89588876808735,39.86268067077133,40.79303486002607,166116000
AAPL,2018-01-26,40.09175109863281,40.206293567865494,39.75280340692622,40.206293567865494,156572000
AAPL,2018-01-29,39.261924743652344,39.77619070677116,39.05388063992829,39.77619070677116,202561600
AAPL,2018-01-30,39.03050231933594,39.124003921961055,38.49987162895176,38.693890842913504,184192800
AAPL,2018-01-31,39.138031005859375,39.37412845107517,38.92063816244911,39.007127328082305,129915600
AAPL,2018-02-01,39.21984100341797,39.41619648711814,38.98140730643512,39.07724875688061,188923200
AAPL,2018-02-02,37.51809310913086,38.990766636131845,37.42459150008796,38.8037598511883,346375200
AAPL,2018-02-05,36.580718994140625,38.30818708507509,36.46617651460954,37.190826320809336,290954000
AAPL,2018-02-06,38.10950469970703,38.27079802903582,35.99867366557429,36.19269291919745,272975200
AAPL,2018-02-07,37.29368209838867,38.195986484247946,37.18381931919892,38.12352220639921,206434400
AAPL,2018-02-08,36.267486572265625,37.634969821723445,36.23943680447615,37.46900037296808,217562000
AAPL,2018-02-09,36.711090087890625,37.058460813619604,35.26292594672998,36.865999961496776,282690400
AAPL,2018-02-12,38.18976974487305,38.4667265805271,36.96927155384121,37.201636376347686,243278000
AAPL,2018-02-13,38.572349548339844,38.66858177983185,37.94097729101988,38.01139120629208,130196800
AAPL,2018-02-14,39.28351974487305,39.32342012499602,38.22967123455398,38.26722221611662,162579600
AAPL,2018-02-15,40.60258865356445,40.626057565112156,39.6660920548011,39.85151185604618,204588800
AAPL,2018-02-16,40.47114562988281,41.032107382495894,40.31623936113969,40.45471775078253,160704400
AAPL,2018-02-20,40.335018157958984,40.900667983713674,40.23409073734247,40.381959561813375,135722000
AAPL,2018-02-21,40.15193176269531,40.86779600830932,40.13784612263408,40.565021002863894,149886400
AAPL,2018-02-22,40.487579345703125,40.82790900653201,40.30215954364588,40.32328263855121,123967600
AAPL,2018-02-23,41.191707611083984,41.22691276622604,40.73167328929835,40.76218681135434,135249600
AAPL,2018-02-26,42.00616455078125,42.10474259221506,41.35836445790183,41.39122380504643,152648800
AAPL,2018-02-27,41.870025634765625,42.360569950834076,41.81604319718002,42.03667174392078,155712400
AAPL,2018-02-28,41.80664825439453,42.39342471689793,41.79022037577208,42.07421817804011,151128400
AAPL,2018-03-01,41.07436752319336,42.196284246743396,40.525145411276526,41.905241724703394,195208000
AAPL,2018-03-02,41.358360290527344,41.37948338697755,40.47584605945342,40.55799620973738,153816000
AAPL,2018-03-05,41.50153732299805,41.71747068327421,40.96170213160757,41.12365304716473,113605600
AAPL,2018-03-06,41.46632766723633,41.83717090219632,41.339585499505745,41.757370145425206,95154000
AAPL,2018-03-07,41.08139419555664,41.27385859802717,40.90301543683224,41.06027110203652,126814000
AAPL,2018-03-08,41.52968978881836,41.571935973323356,41.09078215882034,41.18701077288144,95096400
AAPL,2018-03-09,42.24321365356445,42.24790886845284,41.635314046604286,41.7691008104262,128740800
AAPL,2018-03-12,42.651611328125,42.80886700334209,42.29719960470139,42.31597330142616,128828400
AAPL,2018-03-13,42.24085998535156,43.06938797986928,42.06952227846858,42.85580050964318,126774000
AAPL,2018-03-14,41.88176345825195,42.36996197589975,41.73389462212503,42.323020568345115,117473600
AAPL,2018-03-15,41.931053161621094,42.30424579003283,41.79492414608478,41.89584799922378,90975200
AAPL,2018-03-16,41.78319549560547,42.041375090064086,41.689309076474494,41.931060785960625,157618800
AAPL,2018-03-19,41.1447868347168,41.65410862900461,40.75986142615176,41.61890345621556,133787200
AAPL,2018-03-20,41.13069534301758,41.49684338174766,41.060281432169425,41.13069534301758,78597600
AAPL,2018-03-21,40.19889450073242,41.09548733194154,40.19654510210862,41.08375108302355,148219600
AAPL,2018-03-22,39.630889892578125,40.529828421739076,39.57221223717389,39.900805674877645,165963200
AAPL,2018-03-23,38.71317672729492,39.88203480809846,38.71317672729492,39.52292778579496,164115200
AAPL,2018-03-26,40.55094528198242,40.62840019813181,39.06522697707837,39.44780634373773,150164800
AAPL,2018-03-27,39.51117706298828,41.1095554946715,39.17788847855881,40.76453066529328,163690400
AAPL,2018-03-28,39.07462692260742,39.90550460608626,38.77185176834323,39.25535512087376,166674000
AAPL,2018-03-29,39.37974548339844,40.31154688271614,39.173199002522075,39.386786515119255,153594000
AAPL,2018-04-02,39.12156295776367,39.65201123119887,38.60285451256873,39.11217610913106,150347200
AAPL,2018-04-03,39.52292251586914,39.60741848522696,38.69908950068041,39.34688954482369,121112000
AAPL,2018-04-04,40.278690338134766,40.372573155198666,38.673270529102645,38.69908884100521,138422000
AAPL,2018-04-05,40.55800247192383,40.89363699423224,40.389010511429944,40.50636584058401,107732800
AAPL,2018-04-06,39.52057647705078,40.482887897857516,39.478326701909054,40.12847614077942,140021200
AAPL,2018-04-09,39.91252517700195,40.62604359154596,39.86558378865273,39.872624817835195,116070800
AAPL,2018-04-10,40.663612365722656,40.839645319686824,40.259909838119526,40.60493471440127,113634400
AAPL,2018-04-11,40.4734992980957,40.82087000785947,40.29981215251393,40.42420849279554,89726400
AAPL,2018-04-12,40.87250900268555,41.07436028792793,40.61432587688714,40.70117124541933,91557200
AAPL,2018-04-13,41.01097869873047,41.27150758615567,40.80443582338923,41.02271494402695,100497200
AAPL,2018-04-16,41.26681900024414,41.35366077533175,41.03445421925359,41.08139562250636,86313600
AAPL,2018-04-17,41.83482360839844,41.999120331657075,41.40530272955087,41.42408000955185,106421600
AAPL,2018-04-18,41.740936279296875,41.97095526813903,41.515616087100334,41.733895247128224,83018000
AAPL,2018-04-19,40.55800247192383,41.165902217405765,40.52514312301671,40.78332269831539,139235200
AAPL,2018-04-20,38.896244049072266,40.1871524529709,38.82817596401007,40.04163301530664,261964400
AAPL,2018-04-23,38.78358459472656,39.17789672189711,38.513665229708735,39.15677362538438,146062000
AAPL,2018-04-24,38.24374771118164,39.03941654299841,37.84004517183039,38.88450667946601,134768000
AAPL,2018-04-25,38.4103889465332,38.82582771877816,38.11935008940759,38.16863731070807,113528400
AAPL,2018-04-26,38.54418182373047,38.89859360300027,38.3446763459467,38.52070932702644,111852000
AAPL,2018-04-27,38.09823226928711,38.56999935976334,37.70157072022894,38.49254441988215,142623200
AAPL,2018-04-30,38.788272857666016,39.25769406239759,37.98556302734298,38.053631107612816,169709600
AAPL,2018-05-01,39.68956756591797,39.71303647925035,38.79062545495093,39.05819542045914,214277600
AAPL,2018-05-02,41.4428596496582,41.71981648729503,40.79271017052406,41.12834466848057,266157600
AAPL,2018-05-03,41.51795959472656,41.66113320985868,40.94291931740563,41.28090316830111,136272800
AAPL,2018-05-04,43.146846771240234,43.24542478603207,41.81838401597067,41.83716129232139,224805200
AAPL,2018-05-07,43.45901870727539,44.04814106669595,43.36278649476054,43.463710341007975,169805600
AAPL,2018-05-08,43.667903900146484,43.70780426877287,43.109291576578705,43.419111259653036,113611200
AAPL,2018-05-09,43.975379943847656,43.98476679241279,43.473099382720285,43.78526492315641,92844800
AAPL,2018-05-10,44.60439682006836,44.68185174084153,44.04343867998312,44.06456535393887,111957200
AAPL,2018-05-11,44.43475341796875,44.78110870210072,44.16615172774492,44.646809654593504,104848800
AAPL,2018-05-14,44.331085205078125,44.656235967916004,44.262758245240285,44.53371481746541,83115200
AAPL,2018-05-15,43.928192138671875,44.076631181678145,43.61246796024898,44.00830061465196,94780800
AAPL,2018-05-16,44.338157653808594,44.404133352868826,43.82451718880194,43.841012012369504,76732400
AAPL,2018-05-17,44.05778121948242,44.51016293392808,43.90934217740125,44.29575178319089,69176000
AAPL,2018-05-18,43.897560119628906,44.25098366663279,43.85515101968935,44.10490308433846,73190800
AAPL,2018-05-21,44.20857620239258,44.59498581760541,44.03893260593715,44.295752863411764,73603200
AAPL,2018-05-22,44.097835540771484,44.50309483483212,44.008300423764275,44.385286984121706,60962800
AAPL,2018-05-23,44.38057327270508,44.41355932680517,43.76797101632021,43.90698701129441,80233600
AAPL,2018-05-24,44.331085205078125,44.493660586497064,43.87399384244604,44.47716935972642,92936000
AAPL,2018-05-25,44.4323844909668,44.68449128061487,44.21326014200482,44.34991760362673,69844000
AAPL,2018-05-29,44.272186279296875,44.472461051919346,44.02950240859062,44.20150444915725,90056400
AAPL,2018-05-30,44.17794418334961,44.295752034505206,44.00830059006872,44.229779925474894,74762000
AAPL,2018-05-31,44.02951431274414,44.349951878449986,43.85751582088478,44.111981263816865,109931200
AAPL,2018-06-01,44.82352828979492,44.82823801484715,44.23684395189632,44.293393009412675,93770000
AAPL,2018-06-04,45.198158264160156,45.57278634857579,45.08506373956886,45.15339070780669,105064800
AAPL,2018-06-05,45.546871185302734,45.69531022935619,45.32303698544506,45.49032571725215,86264000
AAPL,2018-06-06,45.70472717285156,45.72829017819991,45.219359462438206,45.62226384455202,83734400
AAPL,2018-06-07,45.582210540771484,45.756563841147845,45.3183185372882,45.74242747573462,85388800
AAPL,2018-06-08,45.16753387451172,45.238219311227645,44.71279724984477,45.04265782757154,106627200
AAPL,2018-06-11,45.056785583496094,45.231142481373176,44.81646017789385,45.08506190990398,73234000
AAPL,2018-06-12,45.3041877746582,45.38194138925669,45.03794087574918,45.09448993960545,67644400
AAPL,2018-06-13,44.931888580322266,45.44553239357789,44.87062982626041,45.33714764924415,86553600
AAPL,2018-06-14,44.955467224121094,45.13689228323737,44.81880971422139,45.13217896352785,86440400
AAPL,2018-06-15,44.49367141723633,44.80468589134723,44.35701386908553,44.77405469747586,246876800
AAPL,2018-06-18,44.47011184692383,44.583206384745495,44.10726162839729,44.267482185920976,73939600
AAPL,2018-06-19,43.75148010253906,43.902274007400344,43.22369963791943,43.62189074792149,134314000
AAPL,2018-06-20,43.94232177734375,44.10725202475832,43.76089670758285,43.90698086547268,82514800
AAPL,2018-06-21,43.69728088378906,44.37820998177126,43.574759736739,44.11903132362873,102847600
AAPL,2018-06-22,43.5700569152832,43.8598632336105,43.51822117116477,43.852795049886204,108801600
AAPL,2018-06-25,42.922115325927734,43.570058556606334,42.5828281135387,43.21192165517229,126652400
AAPL,2018-06-26,43.454593658447266,43.94938797353978,43.009280212947836,43.115310134188796,98276800
AAPL,2018-06-27,43.3909912109375,44.12611109590688,43.36036001732693,43.64309815806819,101141200
AAPL,2018-06-28,43.70670700073242,43.87399570915046,43.306161078797324,43.37684649918818,69460800
AAPL,2018-06-29,43.61482620239258,44.10490733287168,43.09647233589699,43.89285102711627,90950800
AAPL,2018-07-02,44.1025390625,44.130815387435966,43.21662544405176,43.31087386848866,70925200
AAPL,2018-07-03,43.334442138671875,44.28397318836197,43.24490701595224,44.24627381087891,55819200
AAPL,2018-07-05,43.68314743041992,43.92112157794117,43.41925900843449,43.65016137767174,66416800
AAPL,2018-07-06,44.2886848449707,44.39706605714836,43.63602832826301,43.68786407155159,69940800
AAPL,2018-07-09,44.90363693237305,44.92719634335544,44.6020491482026,44.649171565377365,79026400
AAPL,2018-07-10,44.84946060180664,45.068581529229874,44.809402759492706,44.93428241779234,63756400
AAPL,2018-07-11,44.26747512817383,44.715143482285086,44.203857887887295,44.41355569937035,75326000
AAPL,2018-07-12,45.00967025756836,45.09920538074771,44.604410935570954,44.65624668107368,72164400
AAPL,2018-07-13,45.08035659790039,45.20051932204773,44.97903996775959,45.02145266730081,50055600
AAPL,2018-07-16,44.981388092041016,45.39135705389442,44.8659351203138,45.125113793493355,60172400
AAPL,2018-07-17,45.10862731933594,45.20758548689798,44.578491967618255,44.708081328191334,62138000
AAPL,2018-07-18,44.861228942871094,45.191093088092565,44.750489273536566,45.186379767318016,65573600
AAPL,2018-07-19,45.20993423461914,45.36779629624371,44.693935361208126,44.693935361208126,81147200
AAPL,2018-07-20,45.10626983642578,45.33952707669777,44.80703689306761,45.18637831095939,82704800
AAPL,2018-07-23,45.14632034301758,45.22878726865295,44.66330748260312,44.92719589230041,63957600
AAPL,2018-07-24,45.47383117675781,45.629338405290476,45.24999697549978,45.344241819647266,74791600
AAPL,2018-07-25,45.902645111083984,45.90971329334485,45.33952022609749,45.487959243995,66839600
AAPL,2018-07-26,45.75893783569336,46.171265411225775,45.617566943140645,45.85318270058774,76304000
AAPL,2018-07-27,44.99789047241211,45.98983426357745,44.79055107768745,45.94271183728596,96096000
AAPL,2018-07-30,44.74577331542969,45.285331624624746,44.547857012990356,45.2146462036936,84118000
AAPL,2018-07-31,44.83531951904297,45.271210094952444,44.61148527541825,44.837677977479785,157492000
AAPL,2018-08-01,47.476558685302734,47.53781746675014,46.48932842822588,46.918150683987434,271742800
AAPL,2018-08-02,48.86433410644531,49.097594916163985,47.20560135629759,47.25979195423673,249616000
AAPL,2018-08-03,49.005706787109375,49.182418547865296,48.41430912684515,48.7795141514494,133789600
AAPL,2018-08-06,49.260169982910156,49.302579077921635,48.78893864166359,49.008059489642534,101701600
AAPL,2018-08-07,48.798362731933594,49.36148405297779,48.715895807364944,49.319074957057836,102349600
AAPL,2018-08-08,48.83134841918945,48.9632926213491,48.18811863605624,48.548610329531655,90102000
AAPL,2018-08-09,49.21540069580078,49.427453353804616,48.81956451359469,49.3685494382247,93970400
AAPL,2018-08-10,49.06882095336914,49.44003672333354,48.86548063525924,49.02862623567317,98444800
AAPL,2018-08-13,49.385650634765625,49.87745053972807,49.10901386469039,49.489685715714145,103563600
AAPL,2018-08-14,49.593719482421875,49.7852369637203,49.24141953269484,49.690661587811235,82992000
AAPL,2018-08-15,49.709571838378906,49.82779284898479,49.25796671198787,49.46839996655359,115230400
AAPL,2018-08-16,50.437801361083984,50.55365561413919,50.000382285694144,50.06658574681656,114001600
AAPL,2018-08-17,51.44504928588867,51.53253166882398,50.39997610944165,50.466179578876776,141708000
AAPL,2018-08-20,50.94380569458008,51.823366801630385,50.86104953392936,51.56801256244055,121150800
AAPL,2018-08-21,50.84449005126953,51.3528425555406,50.60568491149106,51.26063031267377,104639200
AAPL,2018-08-22,50.84685134887695,51.15658978265497,50.560754949723034,50.62223217694636,76072400
AAPL,2018-08-23,50.950897216796875,51.31974622714638,50.74046394254264,50.75228315845391,75532800
AAPL,2018-08-24,51.10930252075195,51.28426728810176,50.861037704362104,51.21333757583482,73905600
AAPL,2018-08-27,51.530181884765625,51.71933624974518,51.14951003307881,51.34339064151377,82100400
AAPL,2018-08-28,51.94630813598633,52.14491855568263,51.761883659437096,51.783162574157686,91107200
AAPL,2018-08-29,52.721839904785156,52.8424276423776,51.8777437807323,52.0527085641898,109019200
AAPL,2018-08-30,53.20654296875,53.97024961852312,52.58469935427872,52.78567649739625,195175200
AAPL,2018-08-31,53.8213005065918,54.11448631513181,53.43589884273721,53.55648297936392,173360400
AAPL,2018-09-04,53.993900299072266,54.18778088108534,53.58485661111945,54.00572312173843,109560400
AAPL,2018-09-05,53.64159393310547,54.30363223674393,53.22309420206611,54.14285341285009,133332000
AAPL,2018-09-06,52.750213623046875,53.75509216076385,52.32461728550888,53.49027465750758,137160000
AAPL,2018-09-07,52.32461166381836,53.28692866048203,52.18511175944655,52.454655476291386,150479200
AAPL,2018-09-10,51.62238693237305,52.45466385736109,51.18260462853595,52.24186387354506,158066000
AAPL,2018-09-11,52.927555084228516,53.03395328666953,51.20389049497037,51.54673075075559,142996000
AAPL,2018-09-12,52.27023696899414,53.19945233807959,51.97941069858313,53.18526639470711,197114800
AAPL,2018-09-13,53.532840728759766,53.99153884293053,52.6249042019705,52.84952340827975,166825600
AAPL,2018-09-14,52.92518997192383,53.6345161536313,52.61308832803869,53.37679517348761,127997200
AAPL,2018-09-17,51.5159912109375,52.71475044000342,51.371761426756805,52.52559609238329,148780400
AAPL,2018-09-18,51.601097106933594,52.45465276750049,51.33627964580432,51.49469533361137,126286800
AAPL,2018-09-19,51.631839752197266,51.92739226002057,50.90596466904896,51.66257836751287,108495200
AAPL,2018-09-20,52.02433776855469,52.55633231761007,51.81626763486653,52.073992180573526,106435200
AAPL,2018-09-21,51.46397018432617,52.33880492393241,51.37648418489235,52.20166812140533,384986800
AAPL,2018-09-24,52.20403289794922,52.31516093786843,51.2204368199305,51.26536138174706,110773600
AAPL,2018-09-25,52.535037994384766,52.68399757893642,51.94629623394441,51.95811905313099,98217600
AAPL,2018-09-26,52.116554260253906,52.90390668996351,51.96050164726947,52.253691077014246,95938800
AAPL,2018-09-27,53.18762969970703,53.53992959522191,52.85424559802705,52.9204526803586,120724800
AAPL,2018-09-28,53.37441635131836,53.39805838572912,52.96773583814115,53.149793573596064,91717600
AAPL,2018-10-01,53.733821868896484,54.24453759019101,53.51866233378831,53.896967469406086,94403200
AAPL,2018-10-02,54.2114372253418,54.381675803439,53.58486718638655,53.73146011448484,99152800
AAPL,2018-10-03,54.87111282348633,55.202130277796414,54.32965846372666,54.39349883270777,114619200
AAPL,2018-10-04,53.90641784667969,54.93730520599613,53.60849859022037,54.566089500033,128168000
AAPL,2018-10-05,53.03158187866211,54.00572550581806,52.15438395852076,53.899327312763546,134322000
AAPL,2018-10-08,52.90863800048828,53.15217302088543,52.0645381588214,52.53978898349141,118655600
AAPL,2018-10-09,53.64159393310547,53.736172895235825,52.549233077184034,52.87788730397269,107564000
AAPL,2018-10-10,51.1566047668457,53.5186622691138,51.08330830475044,53.308228977883715,167962400
AAPL,2018-10-11,50.704994201660156,51.89902721215979,50.20137511528744,50.72154687603227,212497600
AAPL,2018-10-12,52.516136169433594,52.698197531427574,51.27008573845108,52.11654858627355,161351600
AAPL,2018-10-15,51.393028259277344,52.44992418497444,51.37174934722611,52.29150849334037,123164000
AAPL,2018-10-16,52.52560043334961,52.72421449906567,51.25117791678364,51.76425673692637,116736000
AAPL,2018-10-17,52.29861831665039,52.64145857217466,51.86119907516877,52.56106913997548,91541600
AAPL,2018-10-18,51.076202392578125,51.955766930543895,50.36214653480621,51.51125481132157,130325200
AAPL,2018-10-19,51.85409927368164,52.315160495072206,51.40958711776718,51.5585467461468,132314800
AAPL,2018-10-22,52.170936584472656,52.81169612366842,51.76662270171441,51.96759627834825,115168400
AAPL,2018-10-23,52.662723541259766,52.785674386526175,50.76409464590403,51.0312752497084,155071200
AAPL,2018-10-24,50.856319427490234,53.01739960993079,50.72627557904296,52.63200152357531,163702000
AAPL,2018-10-25,51.96995162963867,52.3435304176031,51.248802817676285,51.47578872209439,119423200
AAPL,2018-10-26,51.14241027832031,52.062169603151254,50.284124580632735,51.04783130446249,189033600
AAPL,2018-10-29,50.18244934082031,51.94394144771941,48.72832893518345,51.825720452520564,183742000
AAPL,2018-10-30,50.433082580566406,50.87759111597405,49.480221547617695,49.92473008302534,146640000
AAPL,2018-10-31,51.74768829345703,52.12363014967308,51.21805699622307,51.27953421575745,153435600
AAPL,2018-11-01,52.54215621948242,52.57525796442497,51.26300377595323,51.792635302853604,233292800
AAPL,2018-11-02,49.05698013305664,50.51582669093119,48.57227336106089,49.546416754757914,365314800
AAPL,2018-11-05,47.66434860229492,48.32638701675462,46.85571728176754,48.305108099645274,264654800
AAPL,2018-11-06,48.17978286743164,48.40440202496884,47.68798312025159,47.74236376500268,127531600
AAPL,2018-11-07,49.640995025634766,49.66700378881958,48.26490452137793,48.69995691663436,133697600
AAPL,2018-11-08,49.46778869628906,49.85453137063265,49.05494289170183,49.82131414178584,101450400
AAPL,2018-11-09,48.51398468017578,48.87937427397922,47.987251640765706,48.77023347938126,137463200
AAPL,2018-11-12,46.070133209228516,47.41781165926097,45.97997059020177,47.21613325998762,204542000
AAPL,2018-11-13,45.60982894897461,46.784299734622806,45.42476100071037,45.46747093822109,187531600
AAPL,2018-11-14,44.32149124145508,46.14370067696437,44.11506642010143,46.00608533619805,243204000
AAPL,2018-11-15,45.41527557373047,45.54814450930108,44.34519912826086,44.69872824786671,185915200
AAPL,2018-11-16,45.91827392578125,46.2599389233287,44.9525992928305,45.19935533527785,147713200
AAPL,2018-11-19,44.098453521728516,45.246825160870316,43.89203234926841,45.080738951970936,167701200
AAPL,2018-11-20,41.99150848388672,43.05683851163266,41.64272573882717,42.32130943637899,271300800
AAPL,2018-11-21,41.94405746459961,42.77212054847709,41.889487071573676,42.643994348703465,124496800
AAPL,2018-11-23,40.87873458862305,41.90135851863127,40.83365689452534,41.507494383952164,94496000
AAPL,2018-11-26,41.43156433105469,41.50986287918792,40.39708001756018,41.341405328689035,179994000
AAPL,2018-11-27,41.341400146484375,41.467151357006,40.544182944086934,40.693658680506765,165549600
AAPL,2018-11-28,42.93109130859375,43.014132585864616,41.505114329859374,41.932195651447095,184250000
AAPL,2018-11-29,42.601287841796875,43.37240554234032,42.16234247178632,43.33918830928703,167080000
AAPL,2018-11-30,42.37114334106445,42.78636061112032,42.00337874921922,42.77686790323383,158126000
AAPL,2018-12-03,43.851688385009766,43.8801592662894,42.99515437591232,43.76627212076378,163210000
AAPL,2018-12-04,41.922706604003906,43.27512777330079,41.823054898940676,42.9334627157085,165377200
AAPL,2018-12-06,41.45529556274414,41.46953100520734,40.4350466147937,40.75298356449691,172393600
AAPL,2018-12-07,39.977115631103516,41.40071754199759,39.9320343246601,41.163450556848574,169126400
AAPL,2018-12-10,40.240482330322266,40.356740836565265,38.75281731229737,39.149052745025465,248104000
AAPL,2018-12-11,40.01034164428711,40.76010273038026,39.623595215094355,40.72926047741938,189126800
AAPL,2018-12-12,40.12186050415039,40.79095171756359,40.10287870527519,40.4303047797506,142510800
AAPL,2018-12-13,40.560794830322266,40.94516985024621,40.22862246288901,40.45165403262589,127594400
AAPL,2018-12-14,39.262935638427734,40.11709814501256,39.21548297037447,40.098116353709955,162814800
AAPL,2018-12-17,38.89756774902344,39.94391649652727,38.6104729739319,39.255839755584475,177151600
AAPL,2018-12-18,39.40293884277344,39.74934669174223,39.00432833526614,39.239224006854776,135366000
AAPL,2018-12-19,38.173885345458984,39.73035619895045,37.746804045316345,39.386319792315824,196189200
AAPL,2018-12-20,37.21059036254883,38.46336004562786,36.847572080543415,38.057631813758896,259092000
AAPL,2018-12-21,35.76325607299805,37.52615187290748,35.50226452935719,37.21770403005254,382978400
AAPL,2018-12-24,34.83791732788086,35.95781796306272,34.780971939167266,35.151107914787005,148676800
AAPL,2018-12-26,37.29125213623047,37.30548757627083,34.81181283127579,35.186695107435334,234330000
AAPL,2018-12-27,37.04923629760742,37.196344282393845,35.60665629115876,36.97568411541755,212468400
AAPL,2018-12-28,37.0682258605957,37.611569368803295,36.66961900113825,37.369555992471305,169165600
AAPL,2018-12-31,37.42648696899414,37.81085823837311,37.12752831911624,37.61392625135377,140014000
AAPL,2019-01-02,37.46921157836914,37.689871814400156,36.593695596828695,36.750292716540024,148158800
AAPL,2019-01-03,33.73699188232422,34.57454401761466,33.69191057763836,34.16169817620422,365248800
AAPL,2019-01-04,35.177215576171875,35.2460250560156,34.11900643887197,34.292210391581825,234428400
AAPL,2019-01-07,35.09890365600586,35.31244611659193,34.617251961933846,35.281600249745665,219111200
AAPL,2019-01-08,35.76799774169922,36.02187515169098,35.23889338251769,35.485649452234306,164101200
AAPL,2019-01-09,36.37539291381836,36.66485886166989,35.50225233829682,35.89611269551247,180396400
AAPL,2019-01-10,36.49167251586914,36.53200747936951,35.794106819127585,36.18322463099874,143122800
AAPL,2019-01-11,36.13338851928711,36.46793584598435,35.94832055566885,36.273378795691265,108092800
AAPL,2019-01-14,35.59004592895508,35.89137599820077,35.40497797975705,35.7917243040485,129756800
AAPL,2019-01-15,36.31846237182617,36.39438593118797,35.601914999486866,35.65411403047625,114843600
AAPL,2019-01-16,36.762142181396484,36.985173695900976,36.30184371450958,36.32082550514894,122278800
AAPL,2019-01-17,36.980430603027344,37.407511879044904,36.363535024290115,36.58656655845522,119284800
AAPL,2019-01-18,37.208213806152344,37.45971625451414,37.00890676859886,37.369553633249645,135004000
AAPL,2019-01-22,36.37302780151367,37.186851783715795,36.211684376745275,37.110928234724035,121576000
AAPL,2019-01-23,36.52012634277344,36.80959229423162,35.99339345539255,36.574696724321946,92522400
AAPL,2019-01-24,36.23067092895508,36.65300590810053,36.00289663164888,36.565218274806185,101766000
AAPL,2019-01-25,37.43124771118164,37.51903897969798,36.61505211762605,36.89027913828178,134142000
AAPL,2019-01-28,37.08483123779297,37.09194895785594,36.4584465294026,36.96382275590851,104768400
AAPL,2019-01-29,36.7004508972168,37.519024789086224,36.565210615346906,37.07296175472334,166348800
AAPL,2019-01-30,39.208377838134766,39.42191672312946,38.017296299473955,38.73384376445083,244439200
AAPL,2019-01-31,39.49072265625,40.098125636928835,39.04465950838577,39.41242410665209,162958400
AAPL,2019-02-01,39.509708404541016,40.09338329388807,39.36971809982081,39.61410648111566,130672400
AAPL,2019-02-04,40.6319694519043,40.72924978051158,39.690019271912284,39.72086513717964,125982000
AAPL,2019-02-05,41.32716369628906,41.54070616529914,40.89296827882337,41.013973143644144,144406400
AAPL,2019-02-06,41.341400146484375,41.656965666225744,41.01159918712273,41.43867685735861,112958400
AAPL,2019-02-07,40.55843734741211,41.27023862449436,40.41607564383225,40.90484527483004,126966800
AAPL,2019-02-08,40.606075286865234,40.66564643059835,40.13188767381337,40.26771162677322,95280000
AAPL,2019-02-11,40.37256622314453,40.79671624225165,40.32967673169206,40.75858982589266,83973600
AAPL,2019-02-12,40.72045135498047,40.74666280397595,40.43689212564779,40.53220813832866,89134000
AAPL,2019-02-13,40.55126953125,41.099324812062115,40.48931684716783,40.83959548318567,89960800
AAPL,2019-02-14,40.69901657104492,40.80862546752188,40.36065282411193,40.439287190333225,87342800
AAPL,2019-02-15,40.60847091674805,40.913474987637784,40.44882063244915,40.806247618891994,98507200
AAPL,2019-02-19,40.72998809814453,40.851515580587275,40.38686130166285,40.43928420861173,75891200
AAPL,2019-02-20,40.99209213256836,41.299481247841676,40.74427779259907,40.791933976908496,104457600
AAPL,2019-02-21,40.76095199584961,41.073104155107245,40.57985705809458,40.937283860774336,68998800
AAPL,2019-02-22,41.21609115600586,41.223239403756004,40.83721948150898,40.884875678488214,75652800
AAPL,2019-02-25,41.51632308959961,41.90710967168657,41.44960369528727,41.499645058988676,87493600
AAPL,2019-02-26,41.5401496887207,41.771286013409664,41.26373871380323,41.39241441823523,68280800
AAPL,2019-02-27,41.668827056884766,41.699805218546146,41.15889815564964,41.2732773821219,111341600
AAPL,2019-02-28,41.25897979736328,41.678363048433425,41.2041753537565,41.53777599764727,112861600
AAPL,2019-03-01,41.69266128540039,41.73555077281449,41.19702882720667,41.52824431177665,103544800
AAPL,2019-03-04,41.90234375,42.35508298576963,41.45436758783305,41.86421734557429,109744800
AAPL,2019-03-05,41.82609939575195,41.93809345893184,41.59019631110894,41.92379696336586,78949600
AAPL,2019-03-06,41.58543014526367,41.81656650222476,41.44722463850816,41.621171381521776,83241600
AAPL,2019-03-07,41.104095458984375,41.566368186765395,40.989719863594985,41.43054421304361,99185600
AAPL,2019-03-08,41.201786041259766,41.239912445241174,40.389234781584264,40.58462987503848,95997600
AAPL,2019-03-11,42.62910842895508,42.681531325611424,41.78320110804429,41.816560802649775,128044000
AAPL,2019-03-12,43.108062744140625,43.52744228144765,42.74110246755472,42.891222911242956,129870400
AAPL,2019-03-13,43.29869079589844,43.67756238941142,43.11044394955633,43.42736286383217,124130000
AAPL,2019-03-14,43.780029296875,43.86819707283481,43.50123674636694,43.82053724326323,94318000
AAPL,2019-03-15,44.34952163696289,44.63784755758058,43.782406850290364,44.04690286026948,156171600
AAPL,2019-03-18,44.80227279663086,44.89043693766361,44.2708955054987,44.27328067856524,104879200
AAPL,2019-03-19,44.44722366333008,45.03340534638429,44.30186992001534,44.88090335634377,126585600
AAPL,2019-03-20,44.83563232421875,45.15255128641642,44.018314235196435,44.375741144089886,124140800
AAPL,2019-03-21,46.4869384765625,46.782412668747526,45.228796167797555,45.278837530094265,204136800
AAPL,2019-03-22,45.5242805480957,47.10649038962943,45.45994267815405,46.54652003926414,169630800
AAPL,2019-03-25,44.97384262084961,45.745882499269285,44.46391365530103,45.633888431682614,175381200
AAPL,2019-03-26,44.50917053222656,45.96032623886354,43.982563700573884,45.66961879021226,199202000
AAPL,2019-03-27,44.909488677978516,45.21687414252472,44.45198278594525,44.97620805998751,119393600
AAPL,2019-03-28,44.96907043457031,45.16922862786753,44.68551117609868,45.023874875034785,83121600
AAPL,2019-03-29,45.26217269897461,45.29315086982014,44.926190438980306,45.23357970184677,94256000
AAPL,2019-04-01,45.569541931152344,45.67438408651486,44.88804792365926,45.66485430363971,111448000
AAPL,2019-04-02,46.23197937011719,46.33682517645646,45.52427381326158,45.533803597504026,91062800
AAPL,2019-04-03,46.54889678955078,46.822922617672326,46.024667775160154,46.048497688881305,93087200
AAPL,2019-04-04,46.62991714477539,46.79194893860823,46.02229064603285,46.41545880854789,76457200
AAPL,2019-04-05,46.942073822021484,46.96590374026455,46.687107513373874,46.81101654355472,74106400
AAPL,2019-04-08,47.68074417114258,47.71171869297622,46.7847918560636,46.803855058079535,103526800
AAPL,2019-04-09,47.53776931762695,48.33602404124384,47.47343146891006,47.733164400421316,143072800
AAPL,2019-04-10,47.80465316772461,47.833249790891394,47.22323818776864,47.34238048248308,86781200
AAPL,2019-04-11,47.40671920776367,47.89520335222447,47.28519537386603,47.85946211752939,83603200
AAPL,2019-04-12,47.38764572143555,47.69026810794802,46.753811602792396,47.466280056636435,111042800
AAPL,2019-04-15,47.47344207763672,47.621181009035936,47.182734561059235,47.31855853470994,70146400
AAPL,2019-04-16,47.478206634521484,47.98336882392176,47.313789678479274,47.528248000421726,102785600
AAPL,2019-04-17,48.40275192260742,48.462323072559556,47.32570451341118,47.547307445984586,115627200
AAPL,2019-04-18,48.576698303222656,48.64579923684503,48.25739781446443,48.40036639173176,96783200
AAPL,2019-04-22,48.73634719848633,48.83404475360525,48.214503361460345,48.33126412020742,77758000
AAPL,2019-04-23,49.43928909301758,49.50362695477499,48.58622976622122,48.712520316675125,93292000
AAPL,2019-04-24,49.363040924072266,49.677574720140036,49.3368294714054,49.41069711912076,70162400
AAPL,2019-04-25,48.915061950683594,49.50600673522847,48.8769355424073,49.28440380449955,74172800
AAPL,2019-04-26,48.681541442871094,48.84833992518488,48.16207915688333,48.8245100123111,74596400
AAPL,2019-04-29,48.755409240722656,49.079476422813116,48.576695801391914,48.705367877898986,88818800
AAPL,2019-04-30,47.816566467285156,48.467082355820594,47.444843102407766,48.38606647084663,186139600
AAPL,2019-05-01,50.1636848449707,51.30506670293471,49.856295614581796,50.011182816509084,259309200
AAPL,2019-05-02,49.837215423583984,50.67121140289478,49.594167784628695,50.001632355540394,127985200
AAPL,2019-05-03,50.45676803588867,50.47821277895846,50.09457439721513,50.25184311826302,83569600
AAPL,2019-05-06,49.67756652832031,49.76334911963592,48.490910378399384,48.6791535903768,129772400
AAPL,2019-05-07,48.33842086791992,49.424998214271085,47.854703353083195,49.058041478715104,155054800
AAPL,2019-05-08,48.34794235229492,48.92935733960514,48.073916525359294,48.109657759852,105358000
AAPL,2019-05-09,47.828487396240234,48.05723858660724,46.86105245762417,47.752234575494825,139634400
AAPL,2019-05-10,47.165897369384766,47.56536833430933,46.11101823277178,47.22330722271242,164834800
AAPL,2019-05-13,44.42464828491211,45.32404755489643,43.7381389007723,44.90066214199688,229722400
AAPL,2019-05-14,45.127891540527344,45.37666024246978,44.35048432829495,44.58968654744338,146118800
AAPL,2019-05-15,45.66849136352539,45.867029661329525,44.49640184388846,44.556202404072714,106178800
AAPL,2019-05-16,45.467567443847656,46.03926071716833,45.17095531817391,45.426903496365576,132125600
AAPL,2019-05-17,45.20922088623047,45.66370365738736,44.673406583972145,44.7140705245547,131516400
AAPL,2019-05-20,43.7955436706543,44.096940873230245,43.123385861635015,43.89840254691123,154449200
AAPL,2019-05-21,44.635135650634766,44.97001729820006,44.18064924329761,44.30503541950881,113459200
AAPL,2019-05-22,43.72138977050781,44.422254305979834,43.66637427145734,44.17109119736444,118994400
AAPL,2019-05-23,42.97507858276367,43.18557408801563,42.53255294513371,43.00856675291308,146118800
AAPL,2019-05-24,42.810020446777344,43.56829102566304,42.72629821206873,43.10423814743245,94858800
AAPL,2019-05-28,42.63301086425781,43.19752825231062,42.55646805143749,42.79806098088244,111792800
AAPL,2019-05-29,42.4296875,42.900916127061286,42.09958729527348,42.20005178150852,113924800
AAPL,2019-05-30,42.649749755859375,42.87220603302129,42.25984903144603,42.56602753223366,84873600
AAPL,2019-05-31,41.877132415771484,42.57560242696121,41.85799580108924,42.15460420382392,108174400
AAPL,2019-06-03,41.45375061035156,42.558863836181885,40.72896808562691,42.0039165147465,161584400
AAPL,2019-06-04,42.97028350830078,43.01573251076257,41.74556939956014,41.96563498785348,123872000
AAPL,2019-06-05,43.663978576660156,44.250027028807736,43.329096875378795,44.0801918196271,119093600
AAPL,2019-06-06,44.30503845214844,44.36483901115955,43.57068583552247,43.79314581301077,90105200
AAPL,2019-06-07,45.48429870605469,45.90768763912735,44.4365955097193,44.613602808905426,122737600
AAPL,2019-06-10,46.06556701660156,46.732939648630975,45.83593126422042,45.88138027302039,104883600
AAPL,2019-06-11,46.598995208740234,46.88364650364516,46.30956249622843,46.61095605263165,107731600
AAPL,2019-06-12,46.450679779052734,46.87645943951271,46.25931727268128,46.39326993216043,73012800
AAPL,2019-06-13,46.44111251831055,47.072606273434246,46.30955420885947,46.57267447769808,86698400
AAPL,2019-06-14,46.10383605957031,46.307155751593456,45.52018207317705,45.81918484080178,75046000
AAPL,2019-06-17,46.37891387939453,46.6348619824245,45.96748580812443,46.142102390137104,58676400
AAPL,2019-06-18,47.46967697143555,47.90980815375586,46.69466416124891,46.8955931379687,106204000
AAPL,2019-06-19,47.330936431884766,47.811735172431156,47.19698378872574,47.76389181421512,84496800
AAPL,2019-06-20,47.711280822753906,47.98636194123762,47.36921971853001,47.928952089147415,86056000
AAPL,2019-06-21,47.548622131347656,48.04377253215675,47.39792354850374,47.553407198246234,191202400
AAPL,2019-06-24,47.50078582763672,47.87872584119384,47.40271202381546,47.491215693151446,72881600
AAPL,2019-06-25,46.7807731628418,47.663426161251905,46.7137931929715,47.46488790932587,84281200
AAPL,2019-06-26,47.7926025390625,48.07725375444767,47.20655785147097,47.30702234220642,104270000
AAPL,2019-06-27,47.778255462646484,48.215995988213024,47.73759152091885,47.90981377120324,83598800
AAPL,2019-06-28,47.3428955078125,47.72083539403826,47.134790777081065,47.52468785247962,124442400
AAPL,2019-07-01,48.211219787597656,48.91447506783852,47.99593554776266,48.5987263093887,109012000
AAPL,2019-07-02,48.49346160888672,48.589144680081205,48.16575575864351,48.17771659878482,67740800
AAPL,2019-07-03,48.89532470703125,48.90250048134883,48.48389661312159,48.625025041282115,45448000
AAPL,2019-07-05,48.85226821899414,49.05559156534589,48.534128829376186,48.641772747995475,69062000
AAPL,2019-07-08,47.8452262878418,48.1753228503153,47.460110590009364,48.03419442469582,101354400
AAPL,2019-07-09,48.13705825805664,48.20164023244244,47.555794939029724,47.64908366307894,82312000
AAPL,2019-07-10,48.61307907104492,48.732680212837536,48.21361169545004,48.282982401654586,71588400
AAPL,2019-07-11,48.25905227661133,48.8905460488803,48.24948579291271,48.63220718977892,80767200
AAPL,2019-07-12,48.629798889160156,48.79723966783726,48.36667505842812,48.426475597236745,70380800
AAPL,2019-07-15,49.08669662475586,49.244567339973045,48.797260288640274,48.81878761572397,67789600
AAPL,2019-07-16,48.916866302490234,49.30198211962224,48.67766402228246,48.93839363172402,67467200
AAPL,2019-07-17,48.641780853271484,49.05799044819137,48.62264423454898,48.8092217046724,56430000
AAPL,2019-07-18,49.19432830810547,49.246953087288276,48.72549036173215,48.79725175606653,74162400
AAPL,2019-07-19,48.45998764038086,49.39526940436115,48.404972139539964,49.22543418445619,83717200
AAPL,2019-07-22,49.567481994628906,49.569872702739694,48.70396187494887,48.71352835732806,89111600
AAPL,2019-07-23,49.954986572265625,49.97173247823495,49.58422243227659,49.86409221822159,73420800
AAPL,2019-07-24,49.91433334350586,50.029149402153855,49.555529966536255,49.67513109219279,59966400
AAPL,2019-07-25,49.519649505615234,50.050678778547585,49.450278810987754,49.96695653329002,55638400
AAPL,2019-07-26,49.691871643066406,50.1678817358878,49.54834884778114,49.62967672847252,70475600
AAPL,2019-07-29,50.15591049194336,50.385546186784495,49.85930212977901,49.864087195279076,86693600
AAPL,2019-07-30,49.940635681152344,50.27073588947548,49.58900815053056,49.93585061510733,135742800
AAPL,2019-07-31,50.959632873535156,52.95218755117396,50.54342339953186,51.768137442475606,277125600
AAPL,2019-08-01,49.8569221496582,52.15326516054023,49.45267342174729,51.16535872118057,216071600
AAPL,2019-08-02,48.80203628540039,49.3785108420285,48.230343145055464,49.163230311330075,163448400
AAPL,2019-08-05,46.24734878540039,47.517511782159396,46.06555644186893,47.35964111669537,209572000
AAPL,2019-08-06,47.12284469604492,47.37879286336873,46.41480440834536,46.95779455449021,143299200
AAPL,2019-08-07,47.61081314086914,47.73519932999547,46.36218078247986,46.74251147526255,133457600
AAPL,2019-08-08,48.66091537475586,48.684837061406505,47.69453982302289,47.88829307510755,108038000
AAPL,2019-08-09,48.259925842285156,48.68491980321308,47.851734087471264,48.3343596886464,98478800
AAPL,2019-08-12,48.1374626159668,48.514438725738295,47.818114477569125,47.93096696496544,89927600
AAPL,2019-08-13,50.17601013183594,50.93716177711402,48.13746584722147,48.267127875565244,188874000
AAPL,2019-08-14,48.68252182006836,49.568532297848215,48.64410316767906,48.78096824288931,146189600
AAPL,2019-08-15,48.44001007080078,49.256386268391125,47.94297838198592,48.85300141700887,108909600
AAPL,2019-08-16,49.58293533325195,49.74140951677776,48.944239015747925,49.04988847143179,110481600
AAPL,2019-08-19,50.50736618041992,51.07882804853604,50.43052887765902,50.57219353284465,97654400
AAPL,2019-08-20,50.509769439697266,51.22770292346297,50.50016660809505,50.63462823335315,107537200
AAPL,2019-08-21,51.057212829589844,51.29972366781528,50.80749895306689,51.141253161466004,86141600
AAPL,2019-08-22,51.01400375366211,51.48942268562583,50.60341217800857,51.189283823360064,89014800
AAPL,2019-08-23,48.656105041503906,50.91555099493653,48.262323049739784,50.28645752648354,187272000
AAPL,2019-08-26,49.58053207397461,49.748609076351144,49.23717136701609,49.42926093993379,104174400
AAPL,2019-08-27,49.02106857299805,50.07515584403641,48.86979745227065,49.90947864777375,103493200
AAPL,2019-08-28,49.35001754760742,49.395639227523624,48.819374246211396,49.006660548328036,63755200
AAPL,2019-08-29,50.185611724853516,50.26004923163214,49.621352927714746,50.06315640226348,83962000
AAPL,2019-08-30,50.12077713012695,50.53136493485516,49.75100409655746,50.461734349049834,84573600
AAPL,2019-09-03,49.39083480834961,49.69817661292459,49.035471533772906,49.56611482256738,80092000
AAPL,2019-09-04,50.22883605957031,50.2984666588224,49.77982952447207,50.03674646797927,76752400
AAPL,2019-09-05,51.21089553833008,51.37657278490871,50.785897861950716,50.903553620893206,95654800
AAPL,2019-09-06,51.206085205078125,51.4846149241543,51.02600190350711,51.39577500112992,77449200
AAPL,2019-09-09,51.424591064453125,51.96964425782235,50.680248893016675,51.58546505309072,109237600
AAPL,2019-09-10,52.032073974609375,52.0512833020213,50.83392194570283,51.35015933860669,127111600
AAPL,2019-09-11,53.686431884765625,53.71524770381324,52.27938090410862,52.36102145030546,177158400
AAPL,2019-09-12,53.56637191772461,54.365942133767874,53.511147403478866,53.97696341496987,128906800
AAPL,2019-09-13,52.5242919921875,53.01411692029238,52.10890090309722,52.82443080357143,159053200
AAPL,2019-09-16,52.800418853759766,52.855647033642335,52.23855987155783,52.27937831072937,84632400
AAPL,2019-09-17,52.992515563964844,53.02133138546332,52.61313961117362,52.81483570644543,73274800
AAPL,2019-09-18,53.48954391479492,53.508753239988586,52.6899736146539,53.07895237436418,101360000
AAPL,2019-09-19,53.05495071411133,53.72725886871977,52.91328237942879,53.30706444018717,88242400
AAPL,2019-09-20,52.279380798339844,53.43911767399923,52.2169532408371,53.155788377866706,221652400
AAPL,2019-09-23,52.51709747314453,52.78602071935204,52.26017685029636,52.57232199753262,76662000
AAPL,2019-09-24,52.26737594604492,53.42231327005474,52.149723866608696,53.07174949586762,124763200
AAPL,2019-09-25,53.071746826171875,53.18459931647141,52.13771495764018,52.4762724285388,87613600
AAPL,2019-09-26,52.79802322387695,53.050140581036125,52.54350607497872,52.82443558822323,75334000
AAPL,2019-09-27,52.541107177734375,53.05494473156102,52.17133407059121,52.95409485593707,101408000
AAPL,2019-09-30,53.77768325805664,53.92415117533089,53.014128056327145,53.04054042382921,103909600
AAPL,2019-10-01,53.92654037475586,54.798144667313224,53.832897210879736,54.04179631783716,139223200
AAPL,2019-10-02,52.57471466064453,53.68402648733403,52.32739692001443,53.5591677213098,138449200
AAPL,2019-10-03,53.02132797241211,53.05494337549281,51.65509540469614,52.447459000713295,114426000
AAPL,2019-10-04,54.507606506347656,54.622862444828854,53.75846122523863,54.17865555013315,138478800
AAPL,2019-10-07,54.51961135864258,55.208728860944525,54.22667560102354,54.32992525189106,122306000
AAPL,2019-10-08,53.88092041015625,54.75972776925968,53.8641145411307,54.221881339577685,111820000
AAPL,2019-10-09,54.51241683959961,54.6948999368784,54.17866259327657,54.51241683959961,74770400
AAPL,2019-10-10,55.24715042114258,55.331190753868945,54.577242206069194,54.72850967565127,113013600
AAPL,2019-10-11,56.71663284301758,57.059989886560345,55.78019754791175,55.93386847365883,166795600
AAPL,2019-10-14,56.63499450683594,57.17764784685901,56.34686196781524,56.40208648570823,96427600
AAPL,2019-10-15,56.50293731689453,57.06239287164702,56.39728786256741,56.759854250095415,87360000
AAPL,2019-10-16,56.27482986450195,56.48372898515924,55.99390035444989,56.03471879637498,73903200
AAPL,2019-10-17,56.49333953857422,56.70223502398383,56.070745319870674,56.44771784318485,67585200
AAPL,2019-10-18,56.7646598815918,57.045589398505086,56.255621913343404,56.327655968301634,97433600
AAPL,2019-10-21,57.74911117553711,57.864367125177715,56.9831599524487,57.0311814328969,87247200
AAPL,2019-10-22,57.61705780029297,58.15490428802028,57.53541724657344,57.90519037069038,82293600
AAPL,2019-10-23,58.39020538330078,58.40461512439032,57.91958976088768,58.130888664552984,75828800
AAPL,2019-10-24,58.48625564575195,58.77919144814045,58.06125802035155,58.7095571851868,69275200
AAPL,2019-10-25,59.206581115722656,59.242596306464485,58.318170993988126,58.385401792575365,73477200
AAPL,2019-10-28,59.799659729003906,59.84768120784419,59.24020052419486,59.408277532037836,96572800
AAPL,2019-10-29,58.4166145324707,59.967733495416816,58.24373795075097,59.7804471734003,142839600
AAPL,2019-10-30,58.4094123840332,58.89924097507983,57.917187665272955,58.76957895706002,124522000
AAPL,2019-10-31,59.73003005981445,59.82847648047376,56.96875268058943,59.365063861542914,139162000
AAPL,2019-11-01,61.42521667480469,61.45162537567779,59.826076043549875,59.91731576023175,151125200
AAPL,2019-11-04,61.82859802246094,61.912638359081036,61.31956374708165,61.78777591806556,103272000
AAPL,2019-11-05,61.73975372314453,61.99427084278033,61.54526436432109,61.720540736224365,79897600
AAPL,2019-11-06,61.766170501708984,61.82619827037496,61.317163964504836,61.65331800351261,75864400
AAPL,2019-11-07,62.47903060913086,62.70059923548496,62.161130673338896,62.31285597676723,94940400
AAPL,2019-11-08,62.6500244140625,62.72227105623637,61.85768527338709,62.30081516113781,69986400
AAPL,2019-11-11,63.146114349365234,63.211136303357115,62.20205025846309,62.206864249631245,81821200
AAPL,2019-11-12,63.08832931518555,63.2882239296663,62.83786940371136,62.98958734351304,87388800
AAPL,2019-11-13,63.69280242919922,63.767459717972656,62.87397557356448,62.88842489722353,102734400
AAPL,2019-11-14,63.25210952758789,63.79157076632971,63.12205821124544,63.51942947548323,89182800
AAPL,2019-11-15,64.0035171508789,64.00833114520599,63.34122912522696,63.5025824556953,100206400
AAPL,2019-11-18,64.32623291015625,64.4057042415667,63.635046200532344,64.01314687975272,86703200
AAPL,2019-11-19,64.13111877441406,64.54293920172968,63.91437156791138,64.51885454553934,76167200
AAPL,2019-11-20,63.38454818725586,64.08054855468487,62.71262513008036,63.9505046207332,106234400
AAPL,2019-11-21,63.10037612915039,63.58203998760828,62.900481512110325,63.50497200634929,121395200
AAPL,2019-11-22,63.04498291015625,63.382146145276415,62.81860030594543,63.24005618724747,65325200
AAPL,2019-11-25,64.15042114257812,64.16728114713578,63.22321643683277,63.26897510656946,84020400
AAPL,2019-11-26,63.64947509765625,64.34066158536174,63.21838386975903,64.28767826489613,105207600
AAPL,2019-11-27,64.5044174194336,64.53813741439751,63.89511298558591,63.96013495495072,65235600
AAPL,2019-11-29,64.36231994628906,64.54294385633477,64.03719543828564,64.20578069417058,46617600
AAPL,2019-12-02,63.61817169189453,64.6031735303105,63.44718305749584,64.36715556270056,94487200
AAPL,2019-12-03,62.483856201171875,62.50311952452636,61.72282631052434,62.20930423351439,114430400
AAPL,2019-12-04,63.03535842895508,63.41346639147771,62.780077124864164,62.87400512239632,67181600
AAPL,2019-12-05,63.96013259887695,64.03479724931714,63.27376756537875,63.52904879073454,74424400
AAPL,2019-12-06,65.19561767578125,65.26546100190234,64.37437981221761,64.41773515061479,106075600
AAPL,2019-12-09,64.28285217285156,65.21727374488681,63.79877771559981,65.02461117015103,128042400
AAPL,2019-12-10,64.6585464477539,65.04146825890689,64.02756074204926,64.68744509771174,90420400
AAPL,2019-12-11,65.21005249023438,65.28953113493121,64.6633667099047,64.73802401273718,78756800
AAPL,2019-12-12,65.376220703125,65.64113724354316,64.3791805323222,64.48996114027678,137310400
AAPL,2019-12-13,66.26490783691406,66.30103115854632,65.2485967405498,65.37623737672222,133587600
AAPL,2019-12-16,67.39926147460938,67.62324089170231,66.70567126721062,66.71048526288563,128186000
AAPL,2019-12-17,67.53169250488281,67.85922045100963,67.14394921761478,67.32939453528536,114158400
AAPL,2019-12-18,67.37032318115234,67.89052104298418,67.22100855730946,67.38477250929151,116028400
AAPL,2019-12-19,67.437744140625,67.71711001890772,67.18005960040058,67.31251420192149,98369200
AAPL,2019-12-20,67.29806518554688,68.0711335089849,67.08613194245461,67.9699882290766,275978000
AAPL,2019-12-23,68.3962631225586,68.45647110065944,67.52204210459728,67.56057609253462,98572000
AAPL,2019-12-24,68.4612808227539,68.61060277279962,68.136163640974,68.56243345348084,48478800
AAPL,2019-12-26,69.819580078125,69.83644007577118,68.56484788189442,68.59374653522693,93121200
AAPL,2019-12-27,69.79308319091797,70.7973554694835,69.38848735406549,70.11098306970483,146266000
AAPL,2019-12-30,70.20734405517578,70.48912073727585,68.69010535047886,69.71123070858043,144114400
AAPL,2019-12-31,70.72029876708984,70.72752343141342,69.72566166410049,69.82440364292783,100805600
AAPL,2020-01-02,72.33384704589844,72.39405500792273,71.0911538277646,71.34402432842471,135480400
AAPL,2020-01-03,71.63063049316406,72.3892495107853,71.40665858931894,71.56319785492231,146322800
AAPL,2020-01-06,72.20142364501953,72.23995764322866,70.5035611498287,70.75402846338375,118387200
AAPL,2020-01-07,71.86186981201172,72.46635318310075,71.64271179235746,72.21107183045073,108872000
AAPL,2020-01-08,73.01782989501953,73.31886979288494,71.56561372170107,71.56561372170107,132079200
AAPL,2020-01-09,74.56880950927734,74.76147215954668,73.74275755557424,73.9932175310026,170108400
AAPL,2020-01-10,74.73736572265625,75.30091887725054,74.23643856809193,74.80239504412852,140644800
AAPL,2020-01-13,76.3341064453125,76.36060178633993,74.93487315391599,75.05288582822318,121532000
AAPL,2020-01-14,75.3033447265625,76.48101668324267,75.18052540962947,76.27149402827726,161954400
AAPL,2020-01-15,74.98060607910156,75.98246770801262,74.54951490172726,75.10343270524221,121923600
AAPL,2020-01-16,75.91984558105469,76.03063354644571,75.16122656820497,75.52247441714353,108829200
AAPL,2020-01-17,76.7603530883789,76.76275640961391,75.86204746774389,76.16790133072386,137816400
AAPL,2020-01-21,76.24015808105469,76.83019183971173,76.1028821310267,76.38947268651397,110843200
AAPL,2020-01-22,76.51229858398438,77.06379835057774,76.41837061392836,76.72422448512405,101832400
AAPL,2020-01-23,76.88078308105469,76.96025438766408,76.01860061750638,76.56529382668359,104472000
AAPL,2020-01-24,76.65922546386719,77.86819933392093,76.46896614550444,77.12644008388187,146537600
AAPL,2020-01-27,74.405029296875,75.08416976822737,73.42484155700832,74.67234921705278,161940000
AAPL,2020-01-28,76.50991821289062,76.68090687398296,75.18534222076916,75.28408422213496,162234000
AAPL,2020-01-29,78.11144256591797,78.95676515736241,77.39858197163568,78.13793790519387,216229200
AAPL,2020-01-30,77.99822998046875,78.05121329496869,76.76517176985938,77.19626294921763,126743200
AAPL,2020-01-31,74.53990173339844,77.71165450707113,74.24608645041388,77.29019858022654,199588400
AAPL,2020-02-03,74.3351821899414,75.49839714349714,72.78422401879573,73.2851511845041,173788400
AAPL,2020-02-04,76.78926086425781,76.9795201431656,75.53211792000401,75.93671379066781,136616400
AAPL,2020-02-05,77.41544342041016,78.21259669148851,76.81336346644713,77.91396003658885,118826800
AAPL,2020-02-06,78.32095336914062,78.3233640404218,77.12883967256218,77.68516086755363,105425600
AAPL,2020-02-07,77.25636291503906,78.06989154294402,76.76631409771366,77.82124622907054,117684000
AAPL,2020-02-10,77.6233139038086,77.6233139038086,75.76451086097089,75.84417079645658,109348800
AAPL,2020-02-11,77.15498352050781,78.19060679185898,76.93772180330761,78.11818867514276,94323200
AAPL,2020-02-12,78.98723602294922,78.99206144129231,77.60399117788235,77.60399117788235,113730400
AAPL,2020-02-13,78.42475128173828,78.75064746940821,78.05782062596876,78.26059867524006,94747600
AAPL,2020-02-14,78.4440689086914,78.69271421468866,77.93712009409066,78.3933688702963,80113600
AAPL,2020-02-18,77.0077133178711,77.1887659353896,75.94794846047884,76.12900107799734,152531200
AAPL,2020-02-19,78.12300109863281,78.35233737517142,77.24912158938099,77.24912158938099,93984000
AAPL,2020-02-20,77.321533203125,78.3716398349872,76.81700080414447,77.88400744802773,100566000
AAPL,2020-02-21,75.57135772705078,77.35774940247184,74.95578178960817,76.91597690115918,129554000
AAPL,2020-02-24,71.98167419433594,73.4300947985836,69.82111787989543,71.75958716056493,222195200
AAPL,2020-02-25,69.54351043701172,73.03179362770307,69.07277807692655,72.65037937541128,230673600
AAPL,2020-02-26,70.64673614501953,71.90927916190874,69.16210602316792,69.16934783382864,198054800
AAPL,2020-02-27,66.02867889404297,69.04139705399142,65.8934935311334,67.85852144500781,320605600
AAPL,2020-02-28,65.99004364013672,67.20913548442363,61.88860137685158,62.103453983809466,426510000
AAPL,2020-03-02,72.13379669189453,72.76868922917748,67.0425965295844,68.14339616645945,341397200
AAPL,2020-03-03,69.8428726196289,73.38667475068135,68.99312746023453,73.30701482551375,319475600
AAPL,2020-03-04,73.08251190185547,73.24183913660247,70.76262721041282,71.5616724101691,219178400
AAPL,2020-03-05,70.71192932128906,72.31242862903635,70.3474076125405,71.33957264179317,187572800
AAPL,2020-03-06,69.7728500366211,70.20496434412061,67.88990577178768,68.07578380592835,226176800
AAPL,2020-03-09,64.2543716430664,67.13189718407227,63.489119320777824,63.670171942415024,286744800
AAPL,2020-03-10,68.88209533691406,69.14764074332749,65.02687994218032,66.90259043839642,285290000
AAPL,2020-03-11,66.4897689819336,67.88749740945617,65.62795665733853,66.96292517997638,255598800
AAPL,2020-03-12,59.923587799072266,65.17894285229022,59.86806602728879,61.78481034349421,418474000
AAPL,2020-03-13,67.10295104980469,67.57369096094727,61.06303266081341,63.94539557678096,370732000
AAPL,2020-03-16,58.47034454345703,62.5428168089279,57.93684117686896,58.40757727472599,322423600
AAPL,2020-03-17,61.04129409790039,62.187957132183904,57.55059758461941,59.74978379495811,324056000
AAPL,2020-03-18,59.54700469970703,60.350878847985236,57.24160039100893,57.88132191691277,300233600
AAPL,2020-03-19,59.09075927734375,61.036471254980725,58.56691402825116,59.720822675289355,271857200
AAPL,2020-03-20,55.33933639526367,60.7926402539027,55.03999474688709,59.67011183513416,401693200
AAPL,2020-03-23,54.16371154785156,55.160709355187784,51.324807219579434,55.05932030955582,336752800
AAPL,2020-03-24,59.59770965576172,59.79324594207158,56.560852552036245,57.05814327611463,287531200
AAPL,2020-03-25,59.26939010620117,62.34245572079971,58.974877532799404,60.53192941719469,303602000
AAPL,2020-03-26,62.38831329345703,62.44624776872447,59.47215893769996,59.51078437689467,252087200
AAPL,2020-03-27,59.80531311035156,61.76792134587147,59.638744081772344,61.0147434951052,204216800
AAPL,2020-03-30,61.512027740478516,61.68342585318123,60.206033868463194,60.529517371062305,167976400
AAPL,2020-03-31,61.386497497558594,63.366005560924876,60.833685075362965,61.70273919270683,197002000
AAPL,2020-04-01,58.156524658203125,60.04188561745125,57.726826674200176,59.50596949204973,176218400
AAPL,2020-04-02,59.126949310302734,59.18005836764035,57.18847976805371,58.018908282578614,165934000
AAPL,2020-04-03,58.277217864990234,59.31283722451452,57.68819275537644,58.6127685713981,129880000
AAPL,2020-04-06,63.361183166503906,63.51567759082076,60.20121192500367,60.568142628925735,201820400
AAPL,2020-04-07,62.62731170654297,65.58933753055518,62.52350996388426,65.37206847487805,202887200
AAPL,2020-04-08,64.23023986816406,64.54406151460887,63.061847651130236,63.42636197678972,168895200
AAPL,2020-04-09,64.69371795654297,65.19584133375365,63.899505790640596,64.86511973614601,161834800
AAPL,2020-04-13,65.96350860595703,66.07214313145124,64.17229133387406,64.77097468626023,131022800
AAPL,2020-04-14,69.29486846923828,69.58455560243435,67.12223707141726,67.59297682109842,194994800
AAPL,2020-04-15,68.66240692138672,69.12107217268907,67.74507641878203,68.17235803124424,131154400
AAPL,2020-04-16,69.20796966552734,69.57249130619873,68.16027936470277,69.37453866907585,157125200
AAPL,2020-04-17,68.2689208984375,69.27075152318855,66.83498322406335,68.72517714348913,215250000
AAPL,2020-04-20,66.85188293457031,67.99854979022932,66.83257389218826,67.09811926901436,130015200
AAPL,2020-04-21,64.78545379638672,66.92911797835283,64.07572694243713,66.69495629705587,180991600
AAPL,2020-04-22,66.6515121459961,67.0860355273564,65.71003990834832,66.05041238241853,116862400
AAPL,2020-04-23,66.39320373535156,68.01543553598502,66.35457829164004,66.59598178954948,124814400
AAPL,2020-04-24,68.30994415283203,68.31960235496462,66.86876505886688,66.91704870248016,126161200
AAPL,2020-04-27,68.35823822021484,68.68895986495261,67.58091858862758,68.02750920842628,117087600
AAPL,2020-04-28,67.25017547607422,69.0003506347447,67.15844834573424,68.81929803212363,112004800
AAPL,2020-04-29,69.45903778076172,69.92736120107678,68.53204914375017,68.73482721743544,137280800
AAPL,2020-04-30,70.92434692382812,71.10057413486881,69.60870223992275,69.99735834734561,183064000
AAPL,2020-05-01,69.78251647949219,72.17965163700352,69.00519685948858,69.1017567929507,240616800
AAPL,2020-05-04,70.76985931396484,70.89780288941466,69.11866006272429,69.80666159250394,133568000
AAPL,2020-05-05,71.83201599121094,72.66244451792257,71.08366376030753,71.2285073158129,147751200
AAPL,2020-05-06,72.57313537597656,73.20319497472518,72.14826285856589,72.53209353947886,142333600
AAPL,2020-05-07,73.32389068603516,73.66910326152602,72.89660917840814,73.19836352852457,115215200
AAPL,2020-05-08,75.06913757324219,75.12239040799929,73.65552559886389,73.98230402182824,133838400
AAPL,2020-05-11,76.2503890991211,76.74418013279127,74.36960120604306,74.57777409776222,145946400
AAPL,2020-05-12,75.37895202636719,77.38318317958411,75.25792355724299,76.93295343320654,162301200
AAPL,2020-05-13,74.46882629394531,76.4779036027934,73.39409274246334,75.55808267285332,200622400
AAPL,2020-05-14,74.92631530761719,74.98682954910396,72.98743664654351,73.70876906438306,158929200
AAPL,2020-05-15,74.48333740234375,74.52932881095421,72.66791038979864,72.70180190645536,166348400
AAPL,2020-05-18,76.23827362060547,76.61104348348049,75.11513293810333,75.80499689236754,135178400
AAPL,2020-05-19,75.79772186279297,77.09998213452099,75.76625327530091,76.25520568719914,101729600
AAPL,2020-05-20,77.2718505859375,77.34204178986873,76.61587086677298,76.65460086911052,111504800
AAPL,2020-05-21,76.69577026367188,77.67368271832201,76.45855171857032,77.13389289033314,102688800
AAPL,2020-05-22,77.18956756591797,77.27186606725144,76.3326836366315,76.43434344951643,81803200
AAPL,2020-05-26,76.6667251586914,78.48456841631166,76.61104938291827,78.30544857938091,125522000
AAPL,2020-05-27,77.000732421875,77.14596806852482,75.78560919845494,76.52388732434491,112945200
AAPL,2020-05-28,77.03462982177734,78.29090607267398,76.4004417495467,76.67638285095582,133560800
AAPL,2020-05-29,76.9595718383789,77.7365724236802,76.60374789776591,77.27666578832086,153532400
AAPL,2020-06-01,77.90605163574219,78.0270801430567,76.78290354210658,76.91361639836452,80791200
AAPL,2020-06-02,78.26669311523438,78.2909002875674,77.19922108217762,77.63976650286615,87642800
AAPL,2020-06-03,78.69755554199219,78.95898118849432,78.01495316022684,78.58621141173712,104491200
AAPL,2020-06-04,78.01981353759766,78.81859867793425,77.64704369151033,78.52087329742372,87560400
AAPL,2020-06-05,80.24189758300781,80.3024118345787,78.24008880036028,78.26913445919533,137250400
AAPL,2020-06-08,80.71630859375,80.75020011255444,79.2300827598663,79.93930785149966,95654400
AAPL,2020-06-09,83.26518249511719,83.6573136410901,80.36534445233356,80.39681304328083,147712400
AAPL,2020-06-10,85.40738677978516,85.87455499385788,83.77350211039672,84.21162466782144,166651600
AAPL,2020-06-11,81.30693817138672,84.97652287764004,81.20527837641917,84.55292316229209,201662400
AAPL,2020-06-12,82.00890350341797,84.18741636682982,80.90028576320306,83.44188410385023,200146000
AAPL,2020-06-15,83.02312469482422,83.67425858934295,80.50331054070764,80.665491974399,138808800
AAPL,2020-06-16,85.22342681884766,85.4945368687229,83.4418908130573,85.07335265810912,165428800
AAPL,2020-06-17,85.10482788085938,86.02706454807957,84.98379936928724,85.96655029229349,114406400
AAPL,2020-06-18,85.13871765136719,85.55505601805591,84.53115217198582,85.06125763268233,96820400
AAPL,2020-06-19,84.65217590332031,86.3078449275457,83.54597361995395,85.84309961565448,264476000
AAPL,2020-06-22,86.8669662475586,87.00977894482239,84.99828651786723,85.0442779239172,135445200
AAPL,2020-06-23,88.72114562988281,90.13718045697547,87.68998051908838,88.1087417587427,212155600
AAPL,2020-06-24,87.15505981445312,89.26822049559888,86.78228989344684,88.35082221845148,192623200
AAPL,2020-06-25,88.31208038330078,88.3508103921037,86.55232854521968,87.30996818337783,137522400
AAPL,2020-06-26,85.59860229492188,88.42824869367755,85.4509437109353,88.20797597788908,205256800
AAPL,2020-06-29,87.57136535644531,87.66577111516035,85.02976731524565,85.50661981464565,130646000
AAPL,2020-06-30,88.30240631103516,88.58803923582462,87.14053545970367,87.15989677286147,140223200
AAPL,2020-07-01,88.1353530883789,88.9220381809634,88.08694613026117,88.37983297329643,110737200
AAPL,2020-07-02,88.1353530883789,89.67483914156468,88.02159341265586,89.0406511103845,114041600
AAPL,2020-07-06,90.49298858642578,90.96015670821257,89.52959930495038,89.56106788910034,118655600
AAPL,2020-07-07,90.21221923828125,91.6476154008952,90.10087509241899,90.87061453958542,112424400
AAPL,2020-07-08,92.31327819824219,92.34474679060094,91.10057024745561,91.1877146099101,117092000
AAPL,2020-07-09,92.71025085449219,93.25729463316677,91.66456287634601,93.20404179945581,125642800
AAPL,2020-07-10,92.87240600585938,92.93050469526396,91.69601281004776,92.30599364635842,90257200
AAPL,2020-07-13,92.4439697265625,96.77921054368312,92.2309584307968,94.17467542417103,191649200
AAPL,2020-07-14,93.97379302978516,94.16501274371473,90.89482765300735,91.82674120591236,170989200
AAPL,2020-07-15,94.62007141113281,96.09419752364778,93.42430934647335,95.84487913129125,153198000
AAPL,2020-07-16,93.45578002929688,94.31024088700049,92.85789898357274,93.49451003316076,110577600
AAPL,2020-07-17,93.26698303222656,94.06092970486094,92.79496892260524,93.90601706451432,92186800
AAPL,2020-07-20,95.23248291015625,95.37045717183655,93.01040144233045,93.35412562962276,90318000
AAPL,2020-07-21,93.91809844970703,96.09661104261261,93.6687800817764,96.02157397759412,103433200
AAPL,2020-07-22,94.18195343017578,94.86213298167614,93.53324246932021,93.62037944003524,89001600
AAPL,2020-07-23,89.8951187133789,93.99314144318696,89.08664931990235,93.91568143989768,197004400
AAPL,2020-07-24,89.67242431640625,90.01614846898383,86.31267234298356,88.09663844239333,185438800
AAPL,2020-07-27,91.79767608642578,91.88965891007823,90.50993871626743,90.73262697532834,121214000
AAPL,2020-07-28,90.28966522216797,91.54594138277622,90.28481935549645,91.36923715007886,103625600
AAPL,2020-07-29,92.02040100097656,92.20436670679456,90.73507876836658,90.77138584530584,90329200
AAPL,2020-07-30,93.13384246826172,93.23792519284922,90.78830982976133,91.19496376791191,158130000
AAPL,2020-07-31,102.88389587402344,103.03397001244983,97.62157236005555,99.61612680199143,374336800
AAPL,2020-08-03,105.47631072998047,108.09052270549662,104.4645145020522,104.7622398081077,308151200
AAPL,2020-08-04,106.18073272705078,107.26998931138203,104.94381752005107,105.66515009521494,173071600
AAPL,2020-08-05,106.5655746459961,106.88509160009556,105.43758834706337,105.9023409518437,121776800
AAPL,2020-08-06,110.28357696533203,110.77737527223312,106.30900549573542,106.89720218347466,202428800
AAPL,2020-08-07,107.77620697021484,110.26176460572711,106.98082882286342,109.80587577731004,198045600
AAPL,2020-08-10,109.34269714355469,110.35874505613272,106.69709332777636,109.21902314455248,212403600
AAPL,2020-08-11,106.09086608886719,109.10505737675727,105.83139636601508,108.60794885006547,187902400
AAPL,2020-08-12,109.6167221069336,109.87376452711321,106.98566715289093,107.17965891895842,165598000
AAPL,2020-08-13,111.55668640136719,112.55818551229297,110.50668564136352,110.99409983343942,210082000
AAPL,2020-08-14,111.45724487304688,111.54696624880587,109.65066604650143,111.3820725095563,165565200
AAPL,2020-08-17,111.1662368774414,112.60180092329254,110.54060722184437,112.57755010556633,119561600
AAPL,2020-08-18,112.09256744384766,112.5169308684593,110.58425829007268,110.91890034610189,105633600
AAPL,2020-08-19,112.23321533203125,113.64452867430332,112.13864675565405,112.49995954797271,145538000
AAPL,2020-08-20,114.72362518310547,114.8375973733061,112.2574641314498,112.27444044495672,126907200
AAPL,2020-08-21,120.63561248779297,121.11817195845913,115.66934527196243,115.6814669811538,338054800
AAPL,2020-08-24,122.07846069335938,124.91806397068724,120.2161130032418,124.83318239328597,345937600
AAPL,2020-08-25,121.07695770263672,121.42130160395935,119.35768029886763,120.95329109467639,211495600
AAPL,2020-08-26,122.7234878540039,123.17937664467517,121.32672345710665,122.39127306939878,163022400
AAPL,2020-08-27,121.25640869140625,123.65709200762272,120.11425938434616,123.32487721481381,155552400
AAPL,2020-08-28,121.05999755859375,122.64589926041506,120.83690034715939,122.22881026536905,187630000
AAPL,2020-08-31,125.16539001464844,127.06654483126823,122.21667670793738,123.74923681098468,225702700
AAPL,2020-09-01,130.15106201171875,130.75245576113278,126.61066398001222,128.7737011544299,151948100
AAPL,2020-09-02,127.45453643798828,133.8369650688364,123.18665813924054,133.4586759232684,200119000
AAPL,2020-09-03,117.25040435791016,124.97139321089942,116.88181705951085,123.09935129507485,257599600
AAPL,2020-09-04,117.3280029296875,119.98572845730746,107.56036930998823,116.46472703859587,332607200
AAPL,2020-09-08,109.43242645263672,115.41716207276087,109.29663073421304,110.52849400857393,231366600
AAPL,2020-09-09,113.79731750488281,115.56266939432574,111.799173992742,113.7391214492864,176940500
AAPL,2020-09-10,110.0822982788086,116.88181506989982,109.12202651754133,116.74601936225844,182274400
AAPL,2020-09-11,108.63703155517578,111.77004920348398,106.69708456311906,111.12986314395623,180860300
AAPL,2020-09-14,111.89615631103516,112.44904097306566,109.41302623599448,111.27537379227499,140150100
AAPL,2020-09-15,112.07074737548828,115.26196131479541,110.19869808587379,114.77697452888815,184642000
AAPL,2020-09-16,108.76313781738281,112.51693833812011,108.67584374495958,111.7700619173575,154679000
AAPL,2020-09-17,107.0268783569336,108.83102975873638,105.44582412860575,106.42549948987329,178011000
AAPL,2020-09-18,103.63198852539062,107.5506832359034,102.90450823656477,107.08509999522968,287104900
AAPL,2020-09-21,106.77470397949219,106.88140167582651,100.0042844680874,101.40104892896447,195713800
AAPL,2020-09-22,108.45275115966797,109.47122644967507,105.8823269140235,109.29663089711133,183055400
AAPL,2020-09-23,103.9035873413086,108.74375412227577,103.56409061974239,108.26846907252015,150718700
AAPL,2020-09-24,104.97053527832031,106.93958033536623,101.84721936701546,102.01211308896369,167743300
AAPL,2020-09-25,108.90862274169922,109.06382205291594,104.43704434153668,105.17422626919512,149981400
AAPL,2020-09-28,111.50816345214844,111.85735453793174,109.39362072171006,111.5566650919616,137672400
AAPL,2020-09-29,110.66429138183594,111.84766043177646,110.15990833447874,111.11048577797068,99382200
AAPL,2020-09-30,112.33265686035156,113.7391232285353,110.20841939441779,110.3733131547286,142675200
AAPL,2020-10-01,113.28321838378906,114.18529413378772,112.35204460964711,114.10769446919807,116120400
AAPL,2020-10-02,109.62641906738281,111.90586307346008,108.85044458473479,109.50032515653433,144712000
AAPL,2020-10-05,113.0019302368164,113.14742776439395,110.14051092914185,110.4897020352033,106243800
AAPL,2020-10-06,109.7622299194336,112.63335124814374,108.87955028037823,112.2259566607193,161498200
AAPL,2020-10-07,111.62457275390625,112.08046156708008,110.70309331868141,111.17838574960963,96849000
AAPL,2020-10-08,111.51786804199219,112.90493061170089,111.1492733309645,112.7594330889432,83477200
AAPL,2020-10-09,113.45780944824219,113.48690747123634,111.46936067345082,111.81855175000258,100506900
AAPL,2020-10-12,120.66472625732422,121.42130453731181,115.6984583933761,116.45503667336371,240226800
AAPL,2020-10-13,117.46382141113281,121.62500974923826,116.05736241261016,121.50861023337559,262330500
AAPL,2020-10-14,117.55113220214844,119.33588051809492,116.02827356723056,117.36683480419042,150712000
AAPL,2020-10-15,117.08550262451172,117.560787576873,114.60237278324881,115.15525739322722,112559200
AAPL,2020-10-16,115.44627380371094,117.90031363584822,115.24258020189322,117.63841657614508,115393800
AAPL,2020-10-19,112.49755096435547,116.80422908289772,112.1871596819352,116.35804207693808,120639300
AAPL,2020-10-20,113.98161315917969,115.4074757022461,112.15805784138063,112.71094256212962,124423700
AAPL,2020-10-21,113.36083221435547,115.14558032107824,112.95343762450592,113.16683302863848,89946000
AAPL,2020-10-22,112.27445220947266,114.49569279996962,111.14927920105526,113.92340448698165,101988000
AAPL,2020-10-23,111.58576965332031,113.05043193781697,110.84858760677534,112.89523260157101,82572600
AAPL,2020-10-26,111.59547424316406,113.05043475532885,109.490625744662,110.58670073335905,111850700
AAPL,2020-10-27,113.09893798828125,113.7585204355671,111.10079442752371,112.02226653167769,92276800
AAPL,2020-10-28,107.86106872558594,111.96406058991157,107.76407283902445,111.59547326085323,143937800
AAPL,2020-10-29,111.85736083984375,113.41901900582575,108.83104039265947,108.99594153712782,146129200
AAPL,2020-10-30,105.5913314819336,108.6273463236584,104.48556211975591,107.72527053869118,190272600
AAPL,2020-11-02,105.5040283203125,107.35668150297613,104.09756951905206,105.83382320217856,122866900
AAPL,2020-11-03,107.1238784790039,108.14234624016166,105.46522463913784,106.36730031348367,107624400
AAPL,2020-11-04,111.49844360351562,112.1192260110622,108.97651414781893,110.71276748778232,138235500
AAPL,2020-11-05,115.4559555053711,116.02824377297978,113.3608163942021,114.40838224963099,126387100
AAPL,2020-11-06,115.32479858398438,115.82033327578648,112.83737692583377,114.96528648231298,114457900
AAPL,2020-11-09,113.02201080322266,118.5312490768306,112.75966930056151,117.08349671182408,154515300
AAPL,2020-11-10,112.68191528320312,114.25597883957684,110.8940807658282,112.27382528066764,138023400
AAPL,2020-11-11,116.10210418701172,116.23813418126791,113.13858512576901,113.86732041488949,112295000
AAPL,2020-11-12,115.83004760742188,117.1126214574974,115.20819406878398,116.22842646880996,103162300
AAPL,2020-11-13,115.8786392211914,116.27701069114,114.52805029862242,116.0535360017511,81581900
AAPL,2020-11-16,116.88914489746094,117.55957633149036,114.80010222486767,115.54826720324448,91183000
AAPL,2020-11-17,116.00492858886719,117.24863549686008,115.58712010448728,116.16039565890526,74271000
AAPL,2020-11-18,114.6834945678711,116.42274359265693,114.65434634387621,115.24705160870013,76322100
AAPL,2020-11-19,115.2762222290039,115.68431227037438,113.49810608907285,114.25598971249795,74113000
AAPL,2020-11-20,114.0130615234375,115.40251710432108,113.96448361868471,115.27620565626937,73604300
AAPL,2020-11-23,110.62203216552734,114.28514625847261,110.52486892820643,113.85761911856477,127959300
AAPL,2020-11-24,111.90460205078125,112.56532241854126,109.39775058959653,110.68033196208322,113874200
AAPL,2020-11-25,112.74018859863281,113.439775552587,111.90457167175171,112.27380223804838,76499200
AAPL,2020-11-27,113.28434753417969,114.15883152801634,112.92484280171581,113.26491785124114,46691300
AAPL,2020-11-30,115.67457580566406,117.54013622605181,113.49808123546687,113.65354831037159,169410200
AAPL,2020-12-01,119.24053955078125,119.9692749139944,116.60737666127397,117.57902381222483,127728200
AAPL,2020-12-02,119.59033203125,119.87211059203429,117.46242241782213,118.56038101970898,89004200
AAPL,2020-12-03,119.45429992675781,120.27047995352808,118.74499426371094,120.01784962535093,78967600
AAPL,2020-12-04,118.78385162353516,119.37655691588907,118.07454601670749,119.12392660773527,78260400
AAPL,2020-12-07,120.2413330078125,121.038083362331,118.7838623046875,118.84215876062711,86712000
AAPL,2020-12-08,120.85345458984375,121.43644873670094,119.60002903502645,120.84374345698704,82225500
AAPL,2020-12-09,118.32719421386719,122.37896123763355,117.56931058790569,120.99922399995596,115089200
AAPL,2020-12-10,119.74575805664062,120.35790032846346,116.74337278978942,117.0834477113147,81312200
AAPL,2020-12-11,118.93931579589844,119.2793907717679,117.13205173775964,118.95874547462877,86939800
AAPL,2020-12-14,118.32719421386719,119.85268001340195,118.0940009627436,119.12394461719592,79184500
AAPL,2020-12-15,124.25421142578125,124.27364851643785,120.61053530086464,120.8145802742906,157243700
AAPL,2020-12-16,124.18620300292969,124.73032296084445,122.97164423038534,123.79755012617825,98208600
AAPL,2020-12-17,125.05096435546875,125.90601844904018,124.40967378529018,125.24529078778322,94359800
AAPL,2020-12-18,123.06881713867188,125.43963827870924,122.54412684965975,125.30360828671483,192541500
AAPL,2020-12-21,124.59431457519531,124.67204812925546,119.94984220975749,121.4753279960592,121251600
AAPL,2020-12-22,128.14080810546875,130.599073771845,125.9740246713456,127.8784592702847,168904800
AAPL,2020-12-23,127.24687194824219,128.67517910975658,127.07196781395956,128.41284514756308,88223700
AAPL,2020-12-24,128.22830200195312,129.67606189128196,127.38297355158525,127.59673715473882,54930100
AAPL,2020-12-28,132.81443786621094,133.44600251933943,129.72459253226933,130.19099379190865,124486200
AAPL,2020-12-29,131.04605102539062,134.8549062093824,130.53107920371312,134.13589678161503,121047300
AAPL,2020-12-30,129.92864990234375,132.13429294527648,129.61771571736733,131.7359140805847,96452100
AAPL,2020-12-31,128.9278564453125,130.91973597132423,127.98535756948488,130.27844532518537,99116600
AAPL,2021-01-04,125.74085235595703,129.82176713240116,123.16598610776015,129.7343224533574,143301900
AAPL,2021-01-05,127.29547882080078,128.00479186519019,124.78862757117713,125.23559175221487,97664900
AAPL,2021-01-06,123.01051330566406,127.3343470647896,122.79674977159817,124.09876065496377,155088000
AAPL,2021-01-07,127.20801544189453,127.89789129191489,124.23477818150717,124.72060165088172,109578200
AAPL,2021-01-08,128.3059539794922,128.8695108634262,126.53754980995937,128.6751696560229,105158200
AAPL,2021-01-11,125.32302856445312,126.47929089114106,124.85664214589357,125.5270809622862,100384500
AAPL,2021-01-12,125.14812469482422,126.01288984975423,123.26312732143278,124.85662765724163,91951100
AAPL,2021-01-13,127.17887878417969,127.72299874717103,124.84693184960055,125.1092658720847,88636800
AAPL,2021-01-14,125.25503540039062,127.28577434890036,125.1092794348303,127.09144788764522,90221800
AAPL,2021-01-15,123.53520202636719,126.52787663913662,123.39917203606663,125.1287025525268,111598500
AAPL,2021-01-19,124.20564270019531,125.06069683837403,123.340877429049,124.15705738304294,90757300
AAPL,2021-01-20,128.2865447998047,128.7335089174472,124.90521758681017,125.01209934367105,104319500
AAPL,2021-01-21,132.98936462402344,135.70998009916667,129.80236258422073,130.00641504597513,120150900
AAPL,2021-01-22,135.12696838378906,135.88485193048166,131.19179469063414,132.4160646907934,114459400
AAPL,2021-01-25,138.86778259277344,140.97625472972098,132.66867020571667,139.01353853335786,157611700
AAPL,2021-01-26,139.10098266601562,140.2086596098709,137.36172630104042,139.5285097015661,98390600
AAPL,2021-01-27,138.0321807861328,140.20867556656404,136.4289690465183,139.36333253146313,140843800
AAPL,2021-01-28,133.2030792236328,137.96415826033868,132.8241374993332,135.564189064389,142621100
AAPL,2021-01-29,128.2185821533203,132.86305498594893,126.51819940588042,131.97885239900157,177523800
AAPL,2021-02-01,130.3367462158203,131.5415940017464,127.21775238608966,129.95780442586786,106239800
AAPL,2021-02-02,131.16262817382812,132.44519444855226,130.7933975854858,131.8816374338767,83305400
AAPL,2021-02-03,130.1424102783203,131.92052618668296,129.82176496768204,131.9108002272906,89880900
AAPL,2021-02-04,133.49461364746094,133.50432478243863,130.7739984115147,132.43552171463995,84183100
AAPL,2021-02-05,133.08102416992188,133.7232731231055,132.20524094162676,133.65516390896917,75693800
AAPL,2021-02-08,133.22698974609375,133.27564766652046,131.29051736028654,132.37065786118401,71297200
AAPL,2021-02-09,132.35116577148438,134.17087067010365,132.1954812442837,132.94475664834664,76774200
AAPL,2021-02-10,131.74789428710938,133.30485887781032,130.78452077617774,132.80856880476307,73046600
AAPL,2021-02-11,131.49484252929688,132.72094164331565,130.17142759822354,132.24411789704274,64280000
AAPL,2021-02-12,131.72837829589844,131.8840776657095,130.09357945780974,130.7358282220485,60145100
AAPL,2021-02-16,129.60707092285156,132.35120265140839,129.21782237561078,131.84520181246612,80576300
AAPL,2021-02-17,127.32025909423828,128.66314035492906,125.98711832566399,127.71923321492339,97918500
AAPL,2021-02-18,126.22064208984375,126.50283418669693,123.98251205380208,125.72435223742485,96856700
AAPL,2021-02-19,126.37638092041016,127.19379548505816,125.3351725587671,126.7364377000899,87668800
AAPL,2021-02-22,122.6104736328125,126.23040308983671,122.22123254914695,124.56639727156255,103916400
AAPL,2021-02-23,122.47423553466797,123.30136816472337,115.20518512538801,120.43072920624994,158273000
AAPL,2021-02-24,121.97796630859375,122.1823162213377,118.94190197736167,121.57899955251936,111039900
AAPL,2021-02-25,117.73524475097656,123.05809741548158,117.29735317502876,121.32598240071049,148199500
AAPL,2021-02-26,117.99799346923828,121.49141551253575,117.93960247752109,119.29220956982277,164560400
AAPL,2021-03-01,124.3523178100586,124.4885510714253,119.48682297794498,120.42099709481208,116307900
AAPL,2021-03-02,121.75413513183594,125.25728963208243,121.64709366058169,124.95563135354156,102260900
AAPL,2021-03-03,118.77645874023438,122.32827149061751,118.56237577745944,121.45248092660913,112966300
AAPL,2021-03-04,116.89839172363281,120.27504677444026,115.4290174341431,118.47481493176636,178155000
AAPL,2021-03-05,118.15367889404297,118.65969453198089,114.40724922583529,117.72552038212189,153766600
AAPL,2021-03-08,113.22980499267578,117.74498394850409,113.08383865170997,117.67686731260757,154376600
AAPL,2021-03-09,117.8325424194336,118.7764495417566,115.59441940046939,115.82796105806665,129525800
AAPL,2021-03-10,116.75242614746094,118.88350799775948,116.23667741969722,118.41642461584055,111943300
AAPL,2021-03-11,118.67916107177734,119.89553490297892,117.99799469596714,119.24356031125248,103026500
AAPL,2021-03-12,117.77418518066406,117.91041846338683,115.95449457965704,117.16113540841165,88105100
AAPL,2021-03-15,120.65453338623047,120.66426645422422,117.18057052802266,118.14394380720245,92403800
AAPL,2021-03-16,122.19203186035156,123.7976465733389,121.36489925795071,122.31853204805573,115227900
AAPL,2021-03-17,121.40382385253906,122.47423118424491,119.04891881379946,120.71292450730932,111932600
AAPL,2021-03-18,117.28761291503906,119.86632656590932,117.08326303051578,119.57439391707281,121229700
AAPL,2021-03-19,116.76216125488281,118.16342636251116,116.46050290360724,116.67458589773459,185549500
AAPL,2021-03-22,120.07068634033203,120.53777713211232,117.02488910943605,117.09300574322106,111912300
AAPL,2021-03-23,119.24354553222656,120.89781076796868,118.8543044696532,120.01229458916613,95467100
AAPL,2021-03-24,116.85945129394531,119.59386443754735,116.83999258124882,119.51601473844956,88530500
AAPL,2021-03-25,117.34599304199219,118.38721599444037,115.79876935123002,116.32424364926871,98844700
AAPL,2021-03-26,117.94933319091797,118.21207408800578,115.72093550893463,117.11246742653448,94071200
AAPL,2021-03-29,118.12448120117188,119.28247132989765,117.48223975334861,118.37748900748083,80819200
AAPL,2021-03-30,116.674560546875,117.16111000084517,115.66253679171842,116.87891042664381,85671900
AAPL,2021-03-31,118.86405181884766,120.19719278132602,117.89095275757859,118.37750228821312,118323800
AAPL,2021-04-01,119.69117736816406,120.83943448866229,119.19489479787379,120.33342627373456,75089100
AAPL,2021-04-05,122.51316833496094,122.7661761594041,119.75929632134557,120.53777850848313,88651200
AAPL,2021-04-06,122.8148422241211,123.71009165590245,122.26990907854241,123.09704186712644,80171300
AAPL,2021-04-07,124.45939636230469,124.4788550808006,121.77364033622356,122.44508119878338,83466700
AAPL,2021-04-08,126.85319519042969,126.88238697462579,125.0626964676061,125.48112193995918,88844600
AAPL,2021-04-09,129.4221954345703,129.46111286986317,125.98715639774359,126.3082809200934,106686700
AAPL,2021-04-12,127.70951080322266,129.276200697575,127.11591985323048,128.95507626413877,91420000
AAPL,2021-04-13,130.8136749267578,131.0374983592836,128.3809277339075,128.8772176641677,91266500
AAPL,2021-04-14,128.47824096679688,131.36834576141277,128.11819914098413,131.3099622056929,87222800
AAPL,2021-04-15,130.8817901611328,131.3683395669363,130.04492458921848,130.22009009642866,89347100
AAPL,2021-04-16,130.55096435546875,131.04723949609195,129.69463249088383,130.6871976204425,84922400
AAPL,2021-04-19,131.21266174316406,131.82571884662076,129.75301328602865,129.91843832937323,94264200
AAPL,2021-04-20,129.52919006347656,131.8840875267871,128.2641585737153,131.38781245275527,94812300
AAPL,2021-04-21,129.9087371826172,130.15201197134868,127.76792201144299,128.79940473993418,68847100
AAPL,2021-04-22,128.39068603515625,130.54122653689166,127.8749447465964,129.46108603950333,84566500
AAPL,2021-04-23,130.70669555664062,131.48516306112936,128.6047976585629,128.6047976585629,78657500
AAPL,2021-04-26,131.09591674804688,131.42676689058607,129.9671181870508,131.20295824690538,66905100
AAPL,2021-04-27,130.77481079101562,131.76737620766062,130.50234418226077,131.37812758921328,66015800
AAPL,2021-04-28,129.98655700683594,131.38782184344353,129.50000754125335,130.69691506905932,107760100
AAPL,2021-04-29,129.8892822265625,133.38271977828063,128.88699119854815,132.79885429572334,151101000
AAPL,2021-04-30,127.92362976074219,129.96712921001927,127.54412165956818,128.2350137894491,109839500
AAPL,2021-05-03,128.9745330810547,130.46338819019584,128.28364111599663,128.48798358801744,75135100
AAPL,2021-05-04,124.41070556640625,127.95279275381809,123.29164023246338,127.66086008438737,137564700
AAPL,2021-05-05,124.65398406982422,126.9407577416854,124.5274764521898,125.72438402846821,84000900
AAPL,2021-05-06,126.24989318847656,126.25961883490083,123.71009630596178,124.44965376287253,78128300
AAPL,2021-05-07,126.92244720458984,127.94592476658238,126.21086763240989,127.54628780481441,78973300
AAPL,2021-05-10,123.64728546142578,126.26936319427197,123.60829449035425,126.14265555263232,88071200
AAPL,2021-05-11,122.73103332519531,123.08193721891007,119.67030506781474,120.38187733150679,126142800
AAPL,2021-05-12,119.67029571533203,121.49308457084182,119.16342796467423,120.28439421406758,112172300
AAPL,2021-05-13,121.81475830078125,122.96496595514449,121.1226852750631,121.43460561674969,105861300
AAPL,2021-05-14,124.23213958740234,124.66103284772763,122.67253787272075,123.06244016058305,81918000
AAPL,2021-05-17,123.0819320678711,123.72527195908786,122.00970635261075,123.61804864388507,74244600
AAPL,2021-05-18,121.69778442382812,123.78375308679564,121.62955208202142,123.3646094337638,63342900
AAPL,2021-05-19,121.54181671142578,121.76600548369002,119.75801895076617,120.050447495282,92612000
AAPL,2021-05-20,124.09567260742188,124.49532449020155,121.94147161685788,122.06819413421118,76857100
AAPL,2021-05-21,122.26313018798828,124.76824225453443,122.04868358173061,124.59278661639331,79295400
AAPL,2021-05-24,123.89094543457031,124.70974076836363,122.76023727627985,122.82846960103217,63092900
AAPL,2021-05-25,123.69601440429688,125.08016771850949,123.13065653206684,124.59278434432386,72009500
AAPL,2021-05-26,123.64728546142578,124.17365241574042,123.228141818366,123.75450877268065,56575900
AAPL,2021-05-27,122.11690521240234,124.41732007226534,121.92195782567474,123.24762087836753,94625600
AAPL,2021-05-28,121.46383666992188,122.62379382802953,121.4053539348129,122.39959761550023,71311100
AAPL,2021-06-01,121.14215850830078,122.1851426884376,120.81074644955004,121.92196296159237,67637100
AAPL,2021-06-02,121.9024658203125,122.07792145343016,120.9179717914318,121.14216055572481,59278900
AAPL,2021-06-03,120.42086791992188,121.69779071261881,120.02121601385367,121.53208465063497,76229200
AAPL,2021-06-04,122.71150207519531,122.9746892227133,120.7230075339862,120.93745411736649,75169300
AAPL,2021-06-07,122.72126770019531,123.1306617200527,121.67828344764422,122.98444744531308,71057600
AAPL,2021-06-08,123.5400390625,125.21662075817993,123.02342180669262,123.40357440763638,74403800
AAPL,2021-06-09,123.92020416259766,124.52455300706954,123.32560491924683,123.99818609803275,56877900
AAPL,2021-06-10,122.92597198486328,124.95345787476269,122.7602659341765,123.81299241371467,71186400
AAPL,2021-06-11,124.13465881347656,124.22239035571975,122.91621888119515,123.33536251537065,53522400
AAPL,2021-06-14,127.18563079833984,127.24411353581664,123.86173050218788,124.59279446771667,96906500
AAPL,2021-06-15,126.36682891845703,127.30259723643738,126.12314095657528,126.6592574474217,62746300
AAPL,2021-06-16,126.86397552490234,127.58529740869534,125.21665702603657,127.07842216944793,91815000
AAPL,2021-06-17,128.46253967285156,129.20336059736883,126.37657131032402,126.52279301183641,96721700
AAPL,2021-06-18,127.1661376953125,128.18961527761795,126.95169109033546,127.40982566701065,108953300
AAPL,2021-06-21,128.9596405029297,129.06686377457612,125.94766160876556,127.01013729010695,79663300
AAPL,2021-06-22,130.5972442626953,130.6947253937975,128.29682937988724,128.79396232556323,74783600
AAPL,2021-06-23,130.32437133789062,130.9287278398836,129.86623659582412,130.39261113389742,60214200
AAPL,2021-06-24,130.0416717529297,131.240612583958,129.57378007008424,131.0554073186903,68711000
AAPL,2021-06-25,129.74920654296875,130.50951172104854,129.45677804212312,130.09037560621056,70783700
AAPL,2021-06-28,131.37704467773438,131.83517920756188,129.9831567614525,130.04163948891443,62111300
AAPL,2021-06-29,132.887939453125,133.04390333984907,130.95793469390316,131.39657011097157,64556100
AAPL,2021-06-30,133.5020294189453,133.9406648079474,132.43953852296474,132.73196707347742,63261400
AAPL,2021-07-01,133.80418395996094,133.86266668828733,132.33229922059724,133.15110203776288,52485800
AAPL,2021-07-02,136.42630004882812,136.4652835854969,134.27209152787285,134.41829838230024,78852600
AAPL,2021-07-06,138.4342803955078,139.53574001915328,136.53351700878477,136.53351700878477,108181800
AAPL,2021-07-07,140.9198760986328,141.231788943126,139.05809657469072,139.91586805219615,104911600
AAPL,2021-07-08,139.62347412109375,140.42276298269945,137.11835448019005,138.0053823208354,105575500
AAPL,2021-07-09,141.4462432861328,141.97260274724476,139.04834716131978,139.1458282969305,99890800
AAPL,2021-07-12,140.8516387939453,142.62569425576672,140.36426288116348,142.51847096001342,76299700
AAPL,2021-07-13,141.962890625,143.73694652851253,140.00364432229037,140.39353920017592,100827100
AAPL,2021-07-14,145.38424682617188,145.79365573228569,143.95136027537654,144.36076918149035,127050800
AAPL,2021-07-15,144.73114013671875,146.21276700697837,143.37623575739534,145.47196100861444,106820300
AAPL,2021-07-16,142.6939239501953,145.97883295333372,142.19680585690423,144.71166743629377,93251400
AAPL,2021-07-19,138.85337829589844,140.43248618215895,138.09307315098926,140.12055849525734,121434600
AAPL,2021-07-20,142.4600067138672,143.38603306380864,139.35056015600642,139.83793618290784,96350000
AAPL,2021-07-21,141.72889709472656,142.4404765741107,140.97834896361408,141.8556195804996,74993500
AAPL,2021-07-22,143.0935821533203,144.4582288663732,142.12857241610413,142.25529492286392,77338200
AAPL,2021-07-23,144.8091583251953,144.96512221870486,143.21056560056124,143.8246641352954,71447400
AAPL,2021-07-26,145.22830200195312,146.04709009069717,143.97086362595675,144.52647939059113,72434100
AAPL,2021-07-27,143.06431579589844,145.44271240050767,141.8751174935938,145.35497344078965,104818600
AAPL,2021-07-28,141.31951904296875,143.25928057886588,138.94112214929507,141.15381301329907,118931200
AAPL,2021-07-29,141.962890625,142.84991857675627,140.92965581242072,141.03687913486968,56699500
AAPL,2021-07-30,142.1773223876953,142.63545700170118,140.47150644681145,140.73469364228038,70440600
AAPL,2021-08-02,141.8459014892578,143.2397895751834,141.582714310116,142.6646895204393,62880000
AAPL,2021-08-03,143.6394805908203,144.30230492815897,141.51451312265684,142.1286117502495,64786600
AAPL,2021-08-04,143.23980712890625,144.05859526042843,142.58672505684436,143.55173491626834,56368300
AAPL,2021-08-05,143.34703063964844,144.10733603044793,142.4795019309908,143.2690486927029,46397700
AAPL,2021-08-06,142.6636962890625,143.6106236198985,142.16583326910765,142.8687074712915,54126800
AAPL,2021-08-09,142.61485290527344,143.21034301067533,142.05841963396023,142.72223685529076,48908700
AAPL,2021-08-10,142.1365203857422,144.19632898598317,141.84365370926938,142.95653516321173,69023100
AAPL,2021-08-11,142.39031982421875,143.22986295766566,142.0681679932176,142.57580253562702,48493500
AAPL,2021-08-12,145.34823608398438,145.5044336133679,142.37078584930737,142.71246608285676,72282600
AAPL,2021-08-13,145.55325317382812,145.88516176552068,144.74299521470792,145.42634081402107,59375000
AAPL,2021-08-16,147.52520751953125,147.59354953492934,142.98582599022765,145.00657783567002,103296000
AAPL,2021-08-17,146.61737060546875,148.07191782459617,145.54353080304682,146.6564125547287,92229700
AAPL,2021-08-18,142.87847900390625,147.13476660342323,142.6734678004844,146.23665278463994,86326000
AAPL,2021-08-19,143.2103271484375,144.4794059910355,141.06266328178802,141.58005455752308,86960300
AAPL,2021-08-20,144.66488647460938,144.9675098694575,143.28842371499448,143.93272733385453,60549600
AAPL,2021-08-23,146.1487579345703,146.61733569322215,144.37204430196212,144.7820517027598,60131800
AAPL,2021-08-24,146.06088256835938,147.27139120779157,145.60206158624175,145.89492826143862,48606400
AAPL,2021-08-25,144.83087158203125,146.74425443123712,144.28419502392072,146.24637657624294,58991300
AAPL,2021-08-26,144.03036499023438,145.57278230599707,144.00107981111,144.82110951404735,48597200
AAPL,2021-08-27,145.06515502929688,145.21158091727293,143.33725507209095,143.97178711441077,55802400
AAPL,2021-08-30,149.47763061523438,149.83883931473636,145.07491826892314,145.45564049048158,90956700
AAPL,2021-08-31,148.2183074951172,149.16523456794167,147.69114453920625,149.02856544896787,86453100
AAPL,2021-09-01,148.8821563720703,151.2934023311897,148.71620204197066,149.1945515081308,80313700
AAPL,2021-09-02,149.99502563476562,151.0395800272227,148.77476016459727,150.20979354918074,71115500
AAPL,2021-09-03,150.62953186035156,150.95168364480844,149.44830865067632,150.1023689782168,57808700
AAPL,2021-09-07,152.96270751953125,153.51914078415754,150.71741625258127,151.2836211735212,82278300
AAPL,2021-09-08,151.42030334472656,153.3043860941943,150.31717858511598,153.24581573453693,74420200
AAPL,2021-09-09,150.405029296875,152.39649574316758,150.2878736971047,151.7912489116524,57305700
AAPL,2021-09-10,145.4263458251953,151.78148246152148,145.16276433644302,151.3129047338198,140893200
AAPL,2021-09-13,145.99258422851562,147.81809686029018,145.21161123932484,147.04689552955006,102404300
AAPL,2021-09-14,144.59654235839844,147.4763801866019,143.4153339702326,146.7735062300835,109296300
AAPL,2021-09-15,145.48492431640625,145.8851749521173,142.88819590848047,145.02610332343372,83281300
AAPL,2021-09-16,145.25064086914062,145.42636685232276,143.71799510025087,144.90897545621797,68034100
AAPL,2021-09-17,142.58555603027344,145.27991132028194,142.29268938190515,145.27991132028194,129868800
AAPL,2021-09-20,139.53977966308594,141.39457695669392,137.90950701335717,140.37932278347847,123478900
AAPL,2021-09-21,140.0181427001953,141.16032435989862,139.38361057442205,140.50624891873463,75834000
AAPL,2021-09-22,142.3805694580078,142.94675948187773,140.28170408222925,141.01386330488788,76404300
AAPL,2021-09-23,143.33726501464844,143.581318108749,142.1755699033987,143.16153904107028,64838200
AAPL,2021-09-24,143.42510986328125,143.96202960944674,142.09746053449825,142.1950877231893,53477900
AAPL,2021-09-27,141.9119873046875,142.48796392317834,140.39887004950094,142.00961449990794,74150700
AAPL,2021-09-28,138.5343017578125,141.30674132874793,138.31953384357482,139.8424227657557,108972300
AAPL,2021-09-29,139.432373046875,141.01383184837374,138.6514004044236,139.0809361025626,74602000
AAPL,2021-09-30,138.13401794433594,140.94551367693097,137.91925008166186,140.2426397437822,89056700
AAPL,2021-10-01,139.25668334960938,139.5202648503588,135.80089824481317,138.52452409983053,94639600
AAPL,2021-10-04,135.83016967773438,138.8271483868743,134.98086980059804,138.38784096480848,98322000
AAPL,2021-10-05,137.7533416748047,138.85646652806082,136.04496985928344,136.17188224652747,80861100
AAPL,2021-10-06,138.62213134765625,138.76855721821823,135.0784763218966,136.15231569207103,83221100
AAPL,2021-10-07,139.88148498535156,140.7893703718494,139.32505159657362,139.65696027730579,61732700
AAPL,2021-10-08,139.500732421875,140.7502829805711,139.16882381318146,140.60385709315267,58773200
AAPL,2021-10-11,139.4128875732422,141.36531233280488,138.43667519346084,138.88573944232053,64452200
AAPL,2021-10-12,138.14382934570312,139.8424445053315,137.68500826630617,139.82291608395988,73035900
AAPL,2021-10-13,137.55809020996094,138.03642474342516,135.88876048394778,137.88024208325538,78762700
AAPL,2021-10-14,140.34027099609375,140.45742659800283,138.14379338196727,138.7295267040612,69907100
AAPL,2021-10-15,141.3945770263672,141.453147377337,140.09621296187518,140.35003767716657,67940300
AAPL,2021-10-18,143.0639190673828,143.34701408719482,139.7545598847163,140.03765490452832,85589200
AAPL,2021-10-19,145.22137451171875,145.62162523479623,143.06395310397025,143.5130025382052,76378900
AAPL,2021-10-20,145.70944213867188,146.18779152686344,144.59656071553547,145.16276563549152,58418800
AAPL,2021-10-21,145.92420959472656,146.0804071368253,144.35250720492448,145.27014914498275,61421000
AAPL,2021-10-22,145.15301513671875,146.6075619891813,145.1042015405824,146.12922747617256,58883400
AAPL,2021-10-25,145.10421752929688,145.8168484447923,144.1084766625064,145.14325947301697,50720600
AAPL,2021-10-26,145.76803588867188,147.2518679421637,145.46539754636262,145.77779264971988,60893400
AAPL,2021-10-27,145.30917358398438,146.16823008237915,144.95773664051836,145.80703638063864,56094900
AAPL,2021-10-28,148.94068908691406,149.52640741666096,146.15847860921852,146.25610577875034,100077900
AAPL,2021-10-29,146.23660278320312,146.37327190681347,142.92724374395107,143.7179733088264,124953200
AAPL,2021-11-01,145.41656494140625,146.13895238181297,144.28415529948526,145.44585011354084,74588300
AAPL,2021-11-02,146.45135498046875,147.96448683414823,145.11393416867705,145.12370582377017,69122000
AAPL,2021-11-03,147.88638305664062,148.35496071493105,146.256110563663,146.81254373991754,54511500
AAPL,2021-11-04,147.36903381347656,148.80405236999567,147.05663868837075,147.9742807485948,60394600
AAPL,2021-11-05,147.89694213867188,148.79636649786093,146.70422366033108,148.49330137784227,65463900
AAPL,2021-11-08,147.07574462890625,148.18047945260236,146.80200740282297,148.02405391839477,55020900
AAPL,2021-11-09,147.43746948242188,148.04359979638906,146.7042415538898,146.84111017051336,56787900
AAPL,2021-11-10,144.61209106445312,146.77267581374304,144.54366421842147,146.6651351263565,65187100
AAPL,2021-11-11,144.56314086914062,146.088251806216,144.37738750057707,145.62877625970734,41000000
AAPL,2021-11-12,146.63580322265625,147.03662312152338,144.18192440007093,145.11067671997742,63804000
AAPL,2021-11-15,146.6455535888672,148.48351596746593,146.08829332480207,147.00727451410145,59222800
AAPL,2021-11-16,147.62319946289062,148.102247003654,146.00031832566742,146.58690654221206,59256200
AAPL,2021-11-17,150.05747985839844,151.53370607630626,147.61338782490964,147.62315882272418,88807000
AAPL,2021-11-18,154.3395233154297,155.12163577174246,149.62732149892645,150.27256539420105,137827700
AAPL,2021-11-19,156.95962524414062,157.41911583313842,153.02952027938457,154.12446895909494,117305600
AAPL,2021-11-22,157.41912841796875,161.99446283900974,157.39957149925132,158.0643575600625,117467900
AAPL,2021-11-23,157.8003692626953,158.18164704165864,155.50291667307366,157.51684621926728,96041900
AAPL,2021-11-24,158.31854248046875,158.5140669022848,156.0699743356913,157.1551520319611,69463600
AAPL,2021-11-26,153.3032684326172,156.8618668141861,152.8633347292546,156.00155632601601,76959800
AAPL,2021-11-29,156.65655517578125,157.58530732404222,155.23896961955737,155.8060008585356,88748200
AAPL,2021-11-30,161.6034393310547,161.81852071802552,156.34374618750323,156.41218795497596,174048100
AAPL,2021-12-01,161.08526611328125,166.49159798116264,160.85062784337472,163.7346542506034,152052500
AAPL,2021-12-02,160.0978546142578,160.52801734787488,154.27114554315142,155.1901268526862,136739200
AAPL,2021-12-03,158.22076416015625,161.27100166043388,156.14817855062066,160.35202051883033,118023100
AAPL,2021-12-06,161.62298583984375,164.12573463510114,160.60623481829575,160.61600581977925,107497000
AAPL,2021-12-07,167.35191345214844,167.7429772469704,164.57542763792551,165.2988844701773,120405400
AAPL,2021-12-08,171.16468811035156,172.02501344578044,166.8826332677211,168.280661937793,116998900
AAPL,2021-12-09,170.6563262939453,172.79735388590385,170.03063915946248,170.9985052389604,108923700
AAPL,2021-12-10,175.43695068359375,175.61293309472177,170.78340409261324,171.29177949219212,115402700
AAPL,2021-12-13,171.8099365234375,178.0570365302883,171.6046261840087,177.06961358561998,153237000
AAPL,2021-12-14,170.43150329589844,173.76524989300478,168.35891710300444,171.3309277742781,139380400
AAPL,2021-12-15,175.29034423828125,175.4858686850592,168.45665517933287,171.19404218690133,131063300
AAPL,2021-12-16,168.4077606201172,177.08918279763162,166.93153397693786,175.27077720416733,150185800
AAPL,2021-12-17,167.3127899169922,169.59068583995455,165.89521929851176,166.12984262332955,195432700
AAPL,2021-12-20,165.95387268066406,166.76531314131543,163.7150906232475,164.51674516713837,107499100
AAPL,2021-12-21,169.1214599609375,169.3267554134747,165.33799395674112,167.72343104614094,91185900
AAPL,2021-12-22,171.712158203125,171.92723953166936,168.30019977990446,169.17029609354066,92135300
AAPL,2021-12-23,172.33786010742188,172.89512039322665,171.35045204505695,171.9174833311616,68356600
AAPL,2021-12-27,176.29730224609375,176.3852860059842,173.1102106304085,173.12975263201184,74919600
AAPL,2021-12-28,175.28054809570312,177.2749361221624,174.5375492742612,176.1311025117923,79144300
AAPL,2021-12-29,175.36851501464844,176.59056116138325,174.15623986676752,175.31963018526795,62348900
AAPL,2021-12-30,174.21493530273438,176.53194546765312,174.10739462067014,175.45653864701075,59773000
AAPL,2021-12-31,173.59901428222656,175.22188041192248,173.29593427269404,174.1073747963206,64062300
AAPL,2022-01-03,177.93975830078125,178.7903128894999,173.73592987558766,173.8532415771097,104487900
AAPL,2022-01-04,175.68141174316406,178.84896181974315,175.11438034514651,178.5458966574974,99310400
AAPL,2022-01-05,171.00828552246094,176.14088047095728,170.7345483186125,175.5934060632604,94537600
AAPL,2022-01-06,168.15359497070312,171.37980064842037,167.80164498917833,168.83793801323478,96904000
AAPL,2022-01-07,168.31976318359375,170.2457092977057,167.2052575825263,169.0236630282213,86709100
AAPL,2022-01-10,168.33934020996094,168.64240533418686,164.40923476090865,165.29888813158135,106765600
AAPL,2022-01-11,171.16468811035156,171.26244286002324,166.99995985190662,168.46641535499305,76138300
AAPL,2022-01-12,171.6046142578125,173.21770927349675,170.91050037060046,172.18141648353657,74805200
AAPL,2022-01-13,168.33934020996094,172.6702655459411,167.94827640647682,171.84905393496265,84505800
AAPL,2022-01-14,169.19967651367188,169.8937905683483,167.2639441267619,167.508353425533,80440800
AAPL,2022-01-18,166.00279235839844,168.68150862321704,165.62151446360372,167.6745435442064,90956700
AAPL,2022-01-19,162.5126190185547,167.25416515581253,162.22911080921511,166.19831524532339,94815000
AAPL,2022-01-20,160.83106994628906,165.8854518373375,160.50844792121475,163.24583471657064,91420500
AAPL,2022-01-21,158.77806091308594,162.61039693927614,158.6705202245997,160.74310631081485,122848900
AAPL,2022-01-24,158.00570678710938,158.67050778679211,151.24045969712583,156.44149634340394,162294600
AAPL,2022-01-25,156.20684814453125,159.1202024043847,153.5085752311325,155.4247355135648,115798400
AAPL,2022-01-26,156.118896484375,160.71378862428045,154.2907195812304,159.84369205931444,108275300
AAPL,2022-01-27,155.65936279296875,160.17604091465265,154.7403816352541,158.817126094803,121954600
AAPL,2022-01-28,166.5209503173828,166.54050723879885,159.15934320684596,162.00427111169125,179935700
AAPL,2022-01-31,170.87142944335938,171.08651082179728,165.71927719769477,166.3547503312831,115541600
AAPL,2022-02-01,170.70523071289062,170.93008309016165,168.45666218750117,170.11864243059435,86213900
AAPL,2022-02-02,171.90769958496094,171.94681342176997,169.45383589849953,170.84207875406224,84914300
AAPL,2022-02-03,169.033447265625,172.29876649074853,168.27089152715305,170.57811566132818,89418100
AAPL,2022-02-04,168.74960327148438,170.42349941150601,167.07570713146276,168.05458991972742,82465400
AAPL,2022-02-07,168.03497314453125,170.27660749223818,167.33995999905824,169.20962915449093,77251200
AAPL,2022-02-08,171.13807678222656,171.6471000057892,167.80986639624405,168.1035342150904,74829200
AAPL,2022-02-09,172.55746459960938,172.91964646810396,171.2066015104205,172.33232573026677,71285000
AAPL,2022-02-10,168.48526000976562,171.77430598076174,167.92730472233933,170.46260694632986,90865900
AAPL,2022-02-11,165.0788116455078,169.4250541110156,164.4914759309271,168.69089193607354,98670700
AAPL,2022-02-14,165.3136749267578,165.99888966269845,163.04266044585623,163.8355528500562,86185500
AAPL,2022-02-15,169.14111328125,169.29773807776493,166.654758116967,167.35955476472148,62527400
AAPL,2022-02-16,168.90623474121094,169.67954560224584,166.45902767436223,168.2210197498066,61177400
AAPL,2022-02-17,165.3136749267578,168.27968759105596,164.91232953264935,167.41826624498145,69589300
AAPL,2022-02-18,163.76705932617188,166.93862933962222,162.68049906023276,166.23384762062662,82772700
AAPL,2022-02-22,160.8499755859375,163.16992227378196,158.72578746937097,161.4960266681506,91162800
AAPL,2022-02-23,156.68975830078125,162.6413518716535,156.37650867254357,162.04423283731927,90009200
AAPL,2022-02-24,159.30335998535156,159.4110376690062,148.79015546543386,149.35790916683425,141147500
AAPL,2022-02-25,161.3688201904297,161.6331077669388,157.47285626304333,160.38013909716133,91974200
AAPL,2022-02-28,161.63311767578125,161.92678549313706,158.99992064321486,159.61662156600548,95056600
AAPL,2022-03-01,159.75364685058594,163.0818568508139,158.5496253630897,161.22197083806662,83474400
AAPL,2022-03-02,163.04270935058594,163.82581854222389,159.5089420061074,160.9185355637426,79724800
AAPL,2022-03-03,162.71966552734375,165.34307890598984,162.0540324670775,164.91236813214016,76678400
AAPL,2022-03-04,159.7242889404297,162.0540345545001,158.67689221468046,161.01642127862274,83737200
AAPL,2022-03-07,155.9359893798828,161.53519862355543,155.6814703637219,159.91025004561254,96418800
AAPL,2022-03-08,154.1152801513672,159.44040392728598,152.50991327214726,155.46614292973925,131148300
AAPL,2022-03-09,159.50892639160156,159.95921898709753,156.04368834876885,158.06996768709067,91454900
AAPL,2022-03-10,155.17245483398438,157.00296029096637,152.6860849715575,156.81697023000987,105342000
AAPL,2022-03-11,151.46249389648438,155.91641251914996,151.23735509056115,155.57379764949783,96970100
AAPL,2022-03-14,147.43930053710938,150.86538982544317,146.9302923114544,148.25177493215907,108732100
AAPL,2022-03-15,151.81492614746094,152.28480063427574,147.204396636905,147.71340492610565,92964300
AAPL,2022-03-16,156.21987915039062,156.6212246232631,151.19822129277074,153.73352378158447,102300200
AAPL,2022-03-17,157.2281494140625,157.6001296550613,154.3012994227279,155.26060037752023,75615400
AAPL,2022-03-18,160.51719665527344,161.00663805311925,156.3863100625295,157.12047215929823,123511700
AAPL,2022-03-21,161.8876190185547,162.83713639325782,159.56765695852218,160.05709828830467,95811400
AAPL,2022-03-22,165.25497436523438,165.84229498697943,161.42753966012307,162.01486028186812,81532000
AAPL,2022-03-23,166.61563110351562,168.99430889731204,164.1096788423283,164.44251031244588,98062700
AAPL,2022-03-24,170.39410400390625,170.46261801995993,166.61561651162776,167.44765777264146,90131400
AAPL,2022-03-25,171.03038024902344,171.57855215101324,169.1019802060181,170.20812239603873,80546200
AAPL,2022-03-28,171.8917694091797,172.01901397467847,168.36778650765086,168.53419473681177,90371900
AAPL,2022-03-29,175.1808624267578,175.22979461470234,172.61617948078282,172.95879441578631,100589400
AAPL,2022-03-30,174.01597595214844,175.81711647524634,172.96856432856262,174.77950323773482,92633200
AAPL,2022-03-31,170.92271423339844,174.27049138056105,170.7171422878286,174.0845012718467,103049300
AAPL,2022-04-01,170.62904357910156,171.18701389593227,168.30909632537671,170.35495761395958,78751300
AAPL,2022-04-04,174.67181396484375,174.72076108227714,170.75628355518236,170.8835430731966,76468400
AAPL,2022-04-05,171.3632354736328,174.53482139848182,170.7367510246393,173.75171210309804,73401800
AAPL,2022-04-06,168.20138549804688,169.96337702443967,166.53728819844997,168.72019203962893,89058800
AAPL,2022-04-07,168.5048370361328,169.69907490999924,166.2632026288955,167.5455363451221,77594700
AAPL,2022-04-08,166.49813842773438,168.1524524173325,165.62693350816983,168.1524524173325,76575500
AAPL,2022-04-11,162.24978637695312,165.46052001953282,162.0050657338506,165.1472853633742,72246700
AAPL,2022-04-12,164.11949157714844,166.2828141709391,163.12102695263263,164.4718899777678,79265200
AAPL,2022-04-13,166.8015899658203,167.42807423573976,163.24825626550125,163.8551587010773,70618900
AAPL,2022-04-14,161.79949951171875,167.65322825491936,161.55477886000992,167.01694559853848,75329400
AAPL,2022-04-18,161.58413696289062,163.08182595142617,160.1158132536157,160.4584131571765,69023900
AAPL,2022-04-19,163.8649444580078,164.2760883021938,160.44865367684753,161.53521398147984,67723800
AAPL,2022-04-20,163.6985626220703,165.3137281661249,162.59243524088046,165.1962520760154,67929800
AAPL,2022-04-21,162.9056396484375,167.90773030576432,162.40641490220864,165.34306268686478,87227800
AAPL,2022-04-22,158.3734130859375,164.32502122927878,158.08954369720692,162.94480808191494,84882400
AAPL,2022-04-25,159.4404296875,159.72429911751857,155.11376965466397,157.71758646013552,96046400
AAPL,2022-04-26,153.4888153076172,158.91181906878418,153.4105028966986,158.82372320771267,95623200
AAPL,2022-04-27,153.26365661621094,156.41564486229873,152.0987839265491,152.61759051221244,88063200
AAPL,2022-04-28,160.18434143066406,161.0457628626786,155.57379800357486,155.88704759214835,130216800
AAPL,2022-04-29,154.3208770751953,162.69032852477312,153.92932990538873,158.42239865298615,131747600
AAPL,2022-05-02,154.6243133544922,154.88860092145774,150.0333512355366,153.4007100151784,123055300
AAPL,2022-05-03,156.1121826171875,157.31621889046943,153.01892515604405,154.8102670522691,88966500
AAPL,2022-05-04,162.51412963867188,162.96440737050813,155.89687222909777,156.29821776928353,108256500
AAPL,2022-05-05,153.45945739746094,160.6150881198339,151.67788357069364,160.38994926297363,130525300
AAPL,2022-05-06,154.1848907470703,156.302387766656,151.14588956385867,152.93987884779835,116124600
AAPL,2022-05-09,149.0675811767578,152.7633948486293,148.50880608897836,151.8810971374127,131577900
AAPL,2022-05-10,151.46937561035156,153.65550196924158,149.92046680625165,152.45950928453797,115366700
AAPL,2022-05-11,143.6169891357422,152.39085681137783,142.94056542836282,150.4792343504193,142689800
AAPL,2022-05-12,139.7545623779297,143.32293029647687,136.0685607235715,139.96043637411066,182602000
AAPL,2022-05-13,144.21499633789062,145.18551933414366,140.29371306035543,141.74458368466105,113990900
AAPL,2022-05-16,142.67588806152344,144.61693408926746,141.34265112461745,142.68570084334092,86643800
AAPL,2022-05-17,146.30307006835938,146.82263885480765,143.79343645262884,145.93054340694096,78336300
AAPL,2022-05-18,138.04879760742188,144.46008977155722,137.14688920750964,143.9601314929513,109742900
AAPL,2022-05-19,134.64706420898438,138.87224434894858,133.91182362893935,137.127274568989,136095600
AAPL,2022-05-20,134.88232421875,137.9311222550243,130.00033122355916,136.3528052981394,137426100
AAPL,2022-05-23,140.29371643066406,140.4407585737006,134.941158046499,135.07840236616943,117726300
AAPL,2022-05-24,137.5978546142578,139.17617200488684,134.62748321427134,138.03899606760518,104132700
AAPL,2022-05-25,137.75469970703125,138.99969650386015,135.61759232548434,135.7058176181396,92482700
AAPL,2022-05-26,140.9505157470703,141.49949297179577,134.4411865880973,134.68626677474316,90601500
AAPL,2022-05-27,146.6952362060547,146.7344424649416,142.40142537012454,142.52887188890233,90978500
AAPL,2022-05-31,145.91094970703125,147.69514080945274,143.9503080341332,146.1364342695409,103718400
AAPL,2022-06-01,145.78350830078125,148.753879037452,144.77376414576858,146.95007745203338,74286600
AAPL,2022-06-02,148.23434448242188,148.29316134885798,143.96994216366954,144.92085472708317,72348100
AAPL,2022-06-03,142.51904296875,145.05807025566116,141.61714962601158,144.00911981753086,88570300
AAPL,2022-06-06,143.26405334472656,145.64624020541058,142.04845040328442,144.13653808927214,71598400
AAPL,2022-06-07,145.78350830078125,146.06779474236185,141.26422895235845,141.5093091448792,67808200
AAPL,2022-06-08,145.04827880859375,146.9206802540853,144.55811838609154,145.6560729457736,53950200
AAPL,2022-06-09,139.83297729492188,145.0384790561678,139.72514139394366,144.18560463111925,69473000
AAPL,2022-06-10,134.43138122558594,137.98993516430295,134.3627515970909,137.51938542071767,91437900
AAPL,2022-06-13,129.2847442626953,132.53940235521404,128.85340060932865,130.2552525242583,122207100
AAPL,2022-06-14,130.1473846435547,131.25515193955982,128.8925752102517,130.51011351307002,84784300
AAPL,2022-06-15,132.76487731933594,134.63729418113485,129.55923814253225,131.64731188113106,91533000
AAPL,2022-06-16,127.50051879882812,129.78466802101963,126.50058741056863,129.48077097128098,108123900
AAPL,2022-06-17,128.97100830078125,130.4611001773296,127.25544681769559,127.51033981148552,134520300
AAPL,2022-06-21,133.19618225097656,134.36276639582726,130.6963761788774,130.7943992837295,81000500
AAPL,2022-06-22,132.6864471435547,135.04900927487205,131.2747825760473,132.13745484401576,73409200
AAPL,2022-06-23,135.5489501953125,135.86264504741038,132.9609040918498,134.12748814246305,72433800
AAPL,2022-06-24,138.8722686767578,139.1173489130396,137.01946268880786,137.14689423988725,89116800
AAPL,2022-06-27,138.8722686767578,140.6662578013618,138.19584483125837,139.89179587794544,70207900
AAPL,2022-06-28,134.73532104492188,140.59763645444562,134.61768731128618,139.33302894232776,67083400
AAPL,2022-06-29,136.4900665283203,137.90173093297278,133.98044756827542,134.75490940956817,66242400
AAPL,2022-06-30,134.0294647216797,135.64698810352084,131.1375212724895,134.5490335635321,98964500
AAPL,2022-07-01,136.1959686279297,136.3038045198631,132.9903302157903,133.36284196732555,71051600
AAPL,2022-07-05,138.7742462158203,138.82326526029516,134.23535494237336,135.05883599741875,73353800
AAPL,2022-07-06,140.10745239257812,141.28383440664965,138.30366564043456,138.56835645511603,74064300
AAPL,2022-07-07,143.469970703125,143.66603189279604,140.4603783389641,140.47017616296918,66253700
AAPL,2022-07-08,144.14637756347656,144.64635079248632,142.1465295229667,142.40140757015126,64547800
AAPL,2022-07-11,142.0190887451172,143.7542609845207,140.95054251842944,142.80334848304327,63141600
AAPL,2022-07-12,142.98960876464844,145.52863633565593,142.19555121961218,142.89157069008422,77588800
AAPL,2022-07-13,142.62689208984375,143.56799177024092,139.3232005090592,140.17608985764943,71185600
AAPL,2022-07-14,145.54823303222656,146.0187828364424,140.43095716603992,141.24462523992875,78140700
AAPL,2022-07-15,147.21478271484375,147.8912065060331,145.2835494113212,146.83245817528143,76259900
AAPL,2022-07-18,144.17581176757812,148.58725611818477,143.8130828380742,147.77358792071823,81420900
AAPL,2022-07-19,148.0284881591797,148.25395782693252,144.0189783944477,145.0090973341563,82982400
AAPL,2022-07-20,150.02830505371094,150.6949310490213,147.41085002655058,148.14609070693865,64823400
AAPL,2022-07-21,152.29286193847656,152.50853373902038,148.94996398855773,151.45958316742,65086600
AAPL,2022-07-22,151.05763244628906,153.2045374479934,150.3910214648786,152.3320525114364,66675400
AAPL,2022-07-25,149.94012451171875,151.98899222917547,149.2833111029007,150.97926259010293,53623900
AAPL,2022-07-26,148.61668395996094,150.07735281781265,147.83242409239264,149.26368451408044,55138700
AAPL,2022-07-27,153.70452880859375,154.23391054533735,149.16565257909815,149.57738561961435,78620700
AAPL,2022-07-28,154.25350952148438,154.53779601902812,151.37136349671525,153.89078059336344,81378700
AAPL,2022-07-29,159.31195068359375,160.40992030893383,156.36119003723385,158.06695385906744,101786900
AAPL,2022-08-01,158.33163452148438,160.37070393464464,157.72384030664722,157.84147403635484,67829400
AAPL,2022-08-02,156.8611297607422,159.2139087149108,156.48861801917639,156.94937000342367,59907000
AAPL,2022-08-03,162.8607177734375,163.311657015849,157.58658648416494,157.67481177613547,82507500
AAPL,2022-08-04,162.5469970703125,163.89984462441896,161.19414951620604,162.7430582477967,55474100
AAPL,2022-08-05,162.32125854492188,162.81209994967907,160.01429795084667,160.2204579317327,56697000
AAPL,2022-08-08,161.8500213623047,164.7361708864107,161.19229575323052,163.32254540690658,60276900
AAPL,2022-08-09,161.8990936279297,162.78261696114208,160.25968547297944,161.0155852740051,63135500
AAPL,2022-08-10,166.1399688720703,166.23812814464867,163.8428202002786,164.60853143111325,70170500
AAPL,2022-08-11,165.40370178222656,167.85790820975464,165.10919401506573,166.9449356294848,57149200
AAPL,2022-08-12,168.94752502441406,169.01623499423582,166.29697090625058,166.70929064231183,68039400
AAPL,2022-08-15,170.01763916015625,170.21397271578905,168.2113464814704,168.37823075272277,54091700
AAPL,2022-08-16,169.8605499267578,170.52810192661653,168.51564947224608,169.61512926108554,56377100
AAPL,2022-08-17,171.35272216796875,172.9234055360259,169.40899457207655,169.6053281206725,79542000
AAPL,2022-08-18,170.96002197265625,171.6962839363271,169.94889007422466,170.56735491708034,62290100
AAPL,2022-08-19,168.37818908691406,170.5575254675204,168.1720291679761,169.8605242913159,70346300
AAPL,2022-08-22,164.5005645751953,166.74861119438174,164.07843325743647,166.58172694573366,69026800
AAPL,2022-08-23,164.1667938232422,165.61969500518398,163.597416059393,164.0195474098714,54147100
AAPL,2022-08-24,164.4612579345703,165.03063554714507,163.20470561002094,164.25511301062056,53841500
AAPL,2022-08-25,166.9154815673828,167.02346724627097,165.2662620854037,165.688378388784,51218200
AAPL,2022-08-26,160.62289428710938,167.91680343416758,160.56399573070382,167.44560000363606,78961000
AAPL,2022-08-29,158.42393493652344,159.91608162954805,156.89251255304256,158.19813716461735,73314000
AAPL,2022-08-30,155.99917602539062,159.58231130465205,154.8309714061125,159.16019500251252,77906200
AAPL,2022-08-31,154.34014892578125,157.6386032608909,154.2616125155062,157.37354474862363,87991100
AAPL,2022-09-01,155.06658935546875,155.5181549609377,151.83684522830168,153.77076113952282,74229900
AAPL,2022-09-02,152.9559783935547,157.4226376540656,152.13136852434044,156.82381061062185,76957800
AAPL,2022-09-06,151.6994171142578,154.21252227519972,150.87480729194033,153.60388383195894,73714800
AAPL,2022-09-07,153.10324096679688,153.80022729759784,150.79628062278962,151.9841232844313,87449600
AAPL,2022-09-08,151.6306915283203,153.49588236025656,149.88328282837716,151.80738719524012,84923800
AAPL,2022-09-09,154.4873809814453,154.92915012061422,151.91537744584716,152.62219009337275,68028800
AAPL,2022-09-12,160.43638610839844,161.25118449428555,156.38204700518378,156.66672837890903,104956000
AAPL,2022-09-13,151.0220489501953,157.59931943362142,150.56065692569356,156.97104316313002,122656600
AAPL,2022-09-14,152.4651336669922,154.22235404144755,150.79627611743592,151.95465448242936,87965400
AAPL,2022-09-15,149.57899475097656,152.3964344091801,148.6071384221947,151.8172302065752,90481100
AAPL,2022-09-16,147.93954467773438,148.5776472684102,145.65222273370736,148.44021232229758,162278800
AAPL,2022-09-19,151.6503143310547,151.7288507316376,146.36887246061372,146.57501740526791,81474200
AAPL,2022-09-20,154.02598571777344,155.1843789131033,150.2759661753886,150.5900968013731,107689800
AAPL,2022-09-21,150.90428161621094,155.83233347953606,150.78648447327026,154.45796856830157,101696800
AAPL,2022-09-22,149.94219970703125,151.6405063427645,148.14571882351763,149.58879338602387,86652500
AAPL,2022-09-23,147.67453002929688,148.69548848555903,145.83878806603744,148.42061851178616,96029900
AAPL,2022-09-26,148.00827026367188,150.95331767501642,146.898964278694,146.91860212230296,93339400
AAPL,2022-09-27,148.9801483154297,151.88593544780034,147.20330517830297,149.9422080635759,84442700
AAPL,2022-09-28,147.0952911376953,147.88064007446383,142.18687900699845,144.9355927960457,146691400
AAPL,2022-09-29,139.87013244628906,144.03247205665744,138.1031007730531,143.42383363893248,128138200
AAPL,2022-09-30,135.66851806640625,140.4787712884576,135.47218456289696,138.69210195416497,124925300
AAPL,2022-10-03,139.84068298339844,140.44933637961338,135.1678792129988,135.67835835777296,114311700
AAPL,2022-10-04,143.423828125,143.54162523892447,141.61752082886468,142.3734205948832,87830100
AAPL,2022-10-05,143.7183380126953,144.68039782185656,140.39043433471556,141.43103055560152,79471000
AAPL,2022-10-06,142.76609802246094,144.83744897574383,142.55995305808347,143.13914221609966,68402200
AAPL,2022-10-07,137.52394104003906,140.47881588020488,136.89566464180587,139.9290609248713,85925600
AAPL,2022-10-10,137.84786987304688,139.29094450363405,136.03176603772727,137.84786987304688,74899000
AAPL,2022-10-11,136.43423461914062,138.76083241469453,135.68816128454225,137.33738075448184,77033700
AAPL,2022-10-12,135.8059539794922,137.78895683135124,135.6292583188671,136.58149154588781,70433700
AAPL,2022-10-13,140.37078857421875,140.95978909716513,131.90867508719168,132.51732843397534,113224000
AAPL,2022-10-14,135.84523010253906,141.87276009592642,135.65870802953629,141.66660017858484,88598000
AAPL,2022-10-17,139.80142211914062,140.282437004532,137.7006219624551,138.48597103526853,85250900
AAPL,2022-10-18,141.1168670654297,144.0128276023933,138.03438444661543,142.82500010106065,99136600
AAPL,2022-10-19,141.22488403320312,142.2949146585481,138.9081120945048,139.09463421767856,61758300
AAPL,2022-10-20,140.76348876953125,143.21769564184982,140.03703814278057,140.4002709458009,64522000
AAPL,2022-10-21,144.57240295410156,145.1417806685085,140.03701908535325,140.25299045906925,86548600
AAPL,2022-10-24,146.71246337890625,147.47817461798252,143.3256613631015,144.49386606815804,75981900
AAPL,2022-10-25,149.5495147705078,149.69677613929844,146.62410499116672,147.3407290522299,74732300
AAPL,2022-10-26,146.61428833007812,149.20592954793565,145.32827166402765,148.19479776463467,88194300
AAPL,2022-10-27,142.1476287841797,146.3197794029668,141.48990330767347,145.35773474859954,109180200
AAPL,2022-10-28,152.8872528076172,154.61500878306214,145.11232844918345,145.4853576495381,164762400
AAPL,2022-10-31,150.5312042236328,151.4147275390832,149.13721674827332,150.35450854811523,97943200
AAPL,2022-11-01,147.8905029296875,152.60258320946681,146.39835590820144,152.2393653788708,80379300
AAPL,2022-11-02,142.3734130859375,149.38262560122348,142.34396380900958,146.22160672381153,93604600
AAPL,2022-11-03,136.33607482910156,140.18426855678922,136.20845130657773,139.45781809061094,97918500
AAPL,2022-11-04,136.07058715820312,140.28898493787645,132.1373429796548,139.71866273149064,140814800
AAPL,2022-11-07,136.60157775878906,136.8277351131925,133.40581664759068,134.82178704829124,83374600
AAPL,2022-11-08,137.17189025878906,139.06967336647747,135.19544046730184,138.06670690734794,89908500
AAPL,2022-11-09,132.61915588378906,136.23774833279379,132.3438299914245,136.18857977969958,74917800
AAPL,2022-11-10,144.41888427734375,144.41888427734375,137.17188688278108,138.88285345399055,118854000
AAPL,2022-11-11,147.20164489746094,147.5064688885728,141.96059578034578,143.38640864839942,93979700
AAPL,2022-11-14,145.80535888671875,147.77198095425382,144.96953850636208,146.48384590068005,73374100
AAPL,2022-11-15,147.53598022460938,151.02673737922098,146.08068410249945,149.67960607049233,89868300
AAPL,2022-11-16,146.30685424804688,147.36883205309908,144.83188757505272,146.64119143040293,64218300
AAPL,2022-11-17,148.2046661376953,148.95197725260945,143.71092672522755,143.98625266251898,80389400
AAPL,2022-11-18,148.76513671875,150.15160903599656,147.46717380781297,149.76811828911318,74829600
AAPL,2022-11-21,145.5398712158203,147.8604860232478,145.2547175972566,147.65399909356225,58724100
AAPL,2022-11-22,147.67364501953125,147.9096450709946,144.47788413446048,145.65786938764137,51804100
AAPL,2022-11-23,148.54884338378906,149.29615456069408,146.84770405367206,146.95586889544748,58301400
AAPL,2022-11-25,145.63821411132812,146.3953678932279,144.66473067745702,145.83487333926465,35195900
AAPL,2022-11-28,141.81312561035156,144.19273663104678,140.98714790150922,142.71777000634125,69246000
AAPL,2022-11-29,138.81402587890625,142.39327767480953,138.007718580844,141.8819517027843,83763800
AAPL,2022-11-30,145.55953979492188,146.23802684928043,138.2043770255708,139.04018245155586,111380900
AAPL,2022-12-01,145.83486938476562,146.64119170281938,144.16324348642758,145.73654727553216,71250400
AAPL,2022-12-02,145.34320068359375,145.53003217962117,143.21924526160134,143.52408428382984,65447400
AAPL,2022-12-05,144.18289184570312,148.40128929094377,143.3372438141924,145.30386574755366,68826400
AAPL,2022-12-06,140.52499389648438,144.8417290558683,139.55151049910586,144.61557170242608,64727200
AAPL,2022-12-07,138.58787536621094,140.97731424983792,137.66356048798676,139.8170142991394,69721100
AAPL,2022-12-08,140.26931762695312,141.12480845757423,138.7451974772698,139.9841640195035,62128300
AAPL,2022-12-09,139.7875213623047,143.14061609699272,138.5485396692002,139.9645101732408,76097000
AAPL,2022-12-12,142.07859802246094,142.08842573001988,138.70583381716978,140.3184631007223,70462700
AAPL,2022-12-13,143.04226684570312,147.4671667934874,141.83279839446703,147.00500937638787,93886200
AAPL,2022-12-14,140.81997680664062,144.21239680146076,138.80418622868987,142.9242617747897,82291200
AAPL,2022-12-15,134.2219696044922,139.43352160827794,133.7598121718234,138.75503452609877,98931900
AAPL,2022-12-16,132.2651824951172,135.35277902524194,131.4982009688156,134.4088086870883,160156900
AAPL,2022-12-19,130.160888671875,132.94366095306307,129.12842399506934,132.85516655290323,79592600
AAPL,2022-12-20,130.09205627441406,131.0261987808424,127.72227301817315,129.19723960857664,77432800
AAPL,2022-12-21,133.18948364257812,134.52678732015247,130.5345467103143,130.76070405901197,85928000
AAPL,2022-12-22,130.02322387695312,132.31434056379908,128.12544063659777,132.10785363301125,77852100
AAPL,2022-12-23,129.65939331054688,130.21004508793624,127.47644161865645,128.73507853958517,63814900
AAPL,2022-12-27,127.85994720458984,129.2169213883547,126.57181200307966,129.1874232542848,69007800
AAPL,2022-12-28,123.93653106689453,128.84325132058044,123.76936998157427,127.50594763388183,85438400
